14:51:58.027 [main] INFO  org.consoleApp.Main - Starting Main using Java 17.0.8 with PID 13936 (C:\Users\HP\IdeaProjects\PlainConsoleApp\target\classes started by HP in C:\Users\HP\IdeaProjects\PlainConsoleApp)
14:51:58.029 [main] DEBUG org.consoleApp.Main - Running with Spring Boot v3.1.1, Spring v6.0.10
14:51:58.029 [main] INFO  org.consoleApp.Main - The following 1 profile is active: "spring-jdbc"
14:51:58.030 [main] DEBUG o.s.boot.SpringApplication - Loading source class org.consoleApp.Main
14:51:58.057 [main] DEBUG o.s.c.a.AnnotationConfigApplicationContext - Refreshing org.springframework.context.annotation.AnnotationConfigApplicationContext@38f116f6
14:51:58.066 [main] DEBUG o.s.b.f.s.DefaultListableBeanFactory - Creating shared instance of singleton bean 'org.springframework.context.annotation.internalConfigurationAnnotationProcessor'
14:51:58.076 [main] DEBUG o.s.b.f.s.DefaultListableBeanFactory - Creating shared instance of singleton bean 'org.springframework.boot.autoconfigure.internalCachingMetadataReaderFactory'
14:51:58.113 [main] DEBUG o.s.c.a.ClassPathBeanDefinitionScanner - Identified candidate component class: file [C:\Users\HP\IdeaProjects\PlainConsoleApp\target\classes\org\consoleApp\dao\spring_jdbc\CourseRepository.class]
14:51:58.114 [main] DEBUG o.s.c.a.ClassPathBeanDefinitionScanner - Identified candidate component class: file [C:\Users\HP\IdeaProjects\PlainConsoleApp\target\classes\org\consoleApp\dao\spring_jdbc\GroupRepository.class]
14:51:58.115 [main] DEBUG o.s.c.a.ClassPathBeanDefinitionScanner - Identified candidate component class: file [C:\Users\HP\IdeaProjects\PlainConsoleApp\target\classes\org\consoleApp\dao\spring_jdbc\StudentsRepository.class]
14:51:58.115 [main] DEBUG o.s.c.a.ClassPathBeanDefinitionScanner - Identified candidate component class: file [C:\Users\HP\IdeaProjects\PlainConsoleApp\target\classes\org\consoleApp\dataFilling\composite\DataServiceComposite.class]
14:51:58.118 [main] DEBUG o.s.c.a.ClassPathBeanDefinitionScanner - Identified candidate component class: file [C:\Users\HP\IdeaProjects\PlainConsoleApp\target\classes\org\consoleApp\dataFilling\configuration\CoursesDataFillerConfiguration.class]
14:51:58.119 [main] DEBUG o.s.c.a.ClassPathBeanDefinitionScanner - Identified candidate component class: file [C:\Users\HP\IdeaProjects\PlainConsoleApp\target\classes\org\consoleApp\dataFilling\configuration\StudentsDataFillerConfiguration.class]
14:51:58.119 [main] DEBUG o.s.c.a.ClassPathBeanDefinitionScanner - Identified candidate component class: file [C:\Users\HP\IdeaProjects\PlainConsoleApp\target\classes\org\consoleApp\generation\impl\CoursesGeneratorService.class]
14:51:58.120 [main] DEBUG o.s.c.a.ClassPathBeanDefinitionScanner - Identified candidate component class: file [C:\Users\HP\IdeaProjects\PlainConsoleApp\target\classes\org\consoleApp\generation\impl\EnrollmentsDataGeneration.class]
14:51:58.120 [main] DEBUG o.s.c.a.ClassPathBeanDefinitionScanner - Identified candidate component class: file [C:\Users\HP\IdeaProjects\PlainConsoleApp\target\classes\org\consoleApp\generation\impl\GroupGenerationData.class]
14:51:58.120 [main] DEBUG o.s.c.a.ClassPathBeanDefinitionScanner - Identified candidate component class: file [C:\Users\HP\IdeaProjects\PlainConsoleApp\target\classes\org\consoleApp\generation\impl\StudentsGenerationData.class]
14:51:58.120 [main] DEBUG o.s.c.a.ClassPathBeanDefinitionScanner - Identified candidate component class: file [C:\Users\HP\IdeaProjects\PlainConsoleApp\target\classes\org\consoleApp\generation\impl\StudentsGeneratorService.class]
14:51:58.121 [main] DEBUG o.s.c.a.ClassPathBeanDefinitionScanner - Identified candidate component class: file [C:\Users\HP\IdeaProjects\PlainConsoleApp\target\classes\org\consoleApp\launch\LaunchApp.class]
14:51:58.122 [main] DEBUG o.s.c.a.ClassPathBeanDefinitionScanner - Identified candidate component class: file [C:\Users\HP\IdeaProjects\PlainConsoleApp\target\classes\org\consoleApp\parser\impl\CourseParser.class]
14:51:58.122 [main] DEBUG o.s.c.a.ClassPathBeanDefinitionScanner - Identified candidate component class: file [C:\Users\HP\IdeaProjects\PlainConsoleApp\target\classes\org\consoleApp\services\CourseService.class]
14:51:58.123 [main] DEBUG o.s.c.a.ClassPathBeanDefinitionScanner - Identified candidate component class: file [C:\Users\HP\IdeaProjects\PlainConsoleApp\target\classes\org\consoleApp\services\GroupService.class]
14:51:58.123 [main] DEBUG o.s.c.a.ClassPathBeanDefinitionScanner - Identified candidate component class: file [C:\Users\HP\IdeaProjects\PlainConsoleApp\target\classes\org\consoleApp\services\StudentService.class]
14:51:58.338 [main] DEBUG o.s.b.f.s.DefaultListableBeanFactory - Creating shared instance of singleton bean 'propertySourcesPlaceholderConfigurer'
14:51:58.341 [main] DEBUG o.s.b.f.s.DefaultListableBeanFactory - Creating shared instance of singleton bean 'org.springframework.boot.sql.init.dependency.DatabaseInitializationDependencyConfigurer$DependsOnDatabaseInitializationPostProcessor'
14:51:58.354 [main] DEBUG o.s.b.f.s.DefaultListableBeanFactory - Creating shared instance of singleton bean 'org.springframework.context.event.internalEventListenerProcessor'
14:51:58.355 [main] DEBUG o.s.b.f.s.DefaultListableBeanFactory - Creating shared instance of singleton bean 'org.springframework.context.event.internalEventListenerFactory'
14:51:58.355 [main] DEBUG o.s.b.f.s.DefaultListableBeanFactory - Creating shared instance of singleton bean 'org.springframework.transaction.config.internalTransactionalEventListenerFactory'
14:51:58.357 [main] DEBUG o.s.b.f.s.DefaultListableBeanFactory - Creating shared instance of singleton bean 'org.springframework.context.annotation.internalAutowiredAnnotationProcessor'
14:51:58.358 [main] DEBUG o.s.b.f.s.DefaultListableBeanFactory - Creating shared instance of singleton bean 'org.springframework.context.annotation.internalCommonAnnotationProcessor'
14:51:58.360 [main] DEBUG o.s.b.f.s.DefaultListableBeanFactory - Creating shared instance of singleton bean 'org.springframework.boot.context.properties.ConfigurationPropertiesBindingPostProcessor'
14:51:58.360 [main] DEBUG o.s.b.f.s.DefaultListableBeanFactory - Creating shared instance of singleton bean 'org.springframework.boot.context.internalConfigurationPropertiesBinder'
14:51:58.361 [main] DEBUG o.s.b.f.s.DefaultListableBeanFactory - Creating shared instance of singleton bean 'jdbcConnectionDetailsHikariBeanPostProcessor'
14:51:58.363 [main] DEBUG o.s.b.f.s.DefaultListableBeanFactory - Creating shared instance of singleton bean 'org.springframework.aop.config.internalAutoProxyCreator'
14:51:58.378 [main] DEBUG o.s.b.f.s.DefaultListableBeanFactory - Creating shared instance of singleton bean 'persistenceExceptionTranslationPostProcessor'
14:51:58.379 [main] DEBUG o.s.b.f.s.DefaultListableBeanFactory - Autowiring by type from bean name 'persistenceExceptionTranslationPostProcessor' via factory method to bean named 'environment'
14:51:58.386 [main] DEBUG o.s.b.f.s.DefaultListableBeanFactory - Creating shared instance of singleton bean 'main'
14:51:58.387 [main] DEBUG o.s.b.f.s.DefaultListableBeanFactory - Creating shared instance of singleton bean 'org.springframework.transaction.config.internalTransactionAdvisor'
14:51:58.387 [main] DEBUG o.s.b.f.s.DefaultListableBeanFactory - Creating shared instance of singleton bean 'org.springframework.transaction.annotation.ProxyTransactionManagementConfiguration'
14:51:58.394 [main] DEBUG o.s.b.f.s.DefaultListableBeanFactory - Creating shared instance of singleton bean 'transactionAttributeSource'
14:51:58.396 [main] DEBUG o.s.b.f.s.DefaultListableBeanFactory - Creating shared instance of singleton bean 'transactionInterceptor'
14:51:58.396 [main] DEBUG o.s.b.f.s.DefaultListableBeanFactory - Autowiring by type from bean name 'transactionInterceptor' via factory method to bean named 'transactionAttributeSource'
14:51:58.399 [main] DEBUG o.s.b.f.s.DefaultListableBeanFactory - Autowiring by type from bean name 'org.springframework.transaction.config.internalTransactionAdvisor' via factory method to bean named 'transactionAttributeSource'
14:51:58.399 [main] DEBUG o.s.b.f.s.DefaultListableBeanFactory - Autowiring by type from bean name 'org.springframework.transaction.config.internalTransactionAdvisor' via factory method to bean named 'transactionInterceptor'
14:51:58.403 [main] DEBUG o.s.b.f.s.DefaultListableBeanFactory - Creating shared instance of singleton bean 'courseRepository'
14:51:58.405 [main] DEBUG o.s.b.f.s.DefaultListableBeanFactory - Creating shared instance of singleton bean 'dataSourceScriptDatabaseInitializer'
14:51:58.405 [main] DEBUG o.s.b.f.s.DefaultListableBeanFactory - Creating shared instance of singleton bean 'org.springframework.boot.autoconfigure.sql.init.DataSourceInitializationConfiguration'
14:51:58.406 [main] DEBUG o.s.b.f.s.DefaultListableBeanFactory - Creating shared instance of singleton bean 'dataSource'
14:51:58.406 [main] DEBUG o.s.b.f.s.DefaultListableBeanFactory - Creating shared instance of singleton bean 'org.springframework.boot.autoconfigure.jdbc.DataSourceConfiguration$Hikari'
14:51:58.407 [main] DEBUG o.s.b.f.s.DefaultListableBeanFactory - Creating shared instance of singleton bean 'spring.datasource-org.springframework.boot.autoconfigure.jdbc.DataSourceProperties'
14:51:58.408 [main] DEBUG o.s.b.f.s.DefaultListableBeanFactory - Creating shared instance of singleton bean 'org.springframework.boot.context.properties.BoundConfigurationProperties'
14:51:58.419 [main] DEBUG o.s.b.f.s.DefaultListableBeanFactory - Creating shared instance of singleton bean 'jdbcConnectionDetails'
14:51:58.419 [main] DEBUG o.s.b.f.s.DefaultListableBeanFactory - Creating shared instance of singleton bean 'org.springframework.boot.autoconfigure.jdbc.DataSourceAutoConfiguration$PooledDataSourceConfiguration'
14:51:58.420 [main] DEBUG o.s.b.f.s.DefaultListableBeanFactory - Autowiring by type from bean name 'jdbcConnectionDetails' via factory method to bean named 'spring.datasource-org.springframework.boot.autoconfigure.jdbc.DataSourceProperties'
14:51:58.420 [main] DEBUG o.s.b.f.s.DefaultListableBeanFactory - Autowiring by type from bean name 'dataSource' via factory method to bean named 'spring.datasource-org.springframework.boot.autoconfigure.jdbc.DataSourceProperties'
14:51:58.420 [main] DEBUG o.s.b.f.s.DefaultListableBeanFactory - Autowiring by type from bean name 'dataSource' via factory method to bean named 'jdbcConnectionDetails'
14:51:58.422 [main] DEBUG com.zaxxer.hikari.HikariConfig - Driver class org.postgresql.Driver found in Thread context class loader jdk.internal.loader.ClassLoaders$AppClassLoader@1d44bcfa
14:51:58.433 [main] DEBUG o.s.b.f.s.DefaultListableBeanFactory - Creating shared instance of singleton bean 'spring.sql.init-org.springframework.boot.autoconfigure.sql.init.SqlInitializationProperties'
14:51:58.435 [main] DEBUG o.s.b.f.s.DefaultListableBeanFactory - Autowiring by type from bean name 'dataSourceScriptDatabaseInitializer' via factory method to bean named 'dataSource'
14:51:58.435 [main] DEBUG o.s.b.f.s.DefaultListableBeanFactory - Autowiring by type from bean name 'dataSourceScriptDatabaseInitializer' via factory method to bean named 'spring.sql.init-org.springframework.boot.autoconfigure.sql.init.SqlInitializationProperties'
14:51:58.437 [main] DEBUG o.s.b.f.s.DefaultListableBeanFactory - Creating shared instance of singleton bean 'jdbcTemplate'
14:51:58.437 [main] DEBUG o.s.b.f.s.DefaultListableBeanFactory - Creating shared instance of singleton bean 'org.springframework.boot.autoconfigure.jdbc.JdbcTemplateConfiguration'
14:51:58.437 [main] DEBUG o.s.b.f.s.DefaultListableBeanFactory - Creating shared instance of singleton bean 'spring.jdbc-org.springframework.boot.autoconfigure.jdbc.JdbcProperties'
14:51:58.438 [main] DEBUG o.s.b.f.s.DefaultListableBeanFactory - Autowiring by type from bean name 'jdbcTemplate' via factory method to bean named 'dataSource'
14:51:58.438 [main] DEBUG o.s.b.f.s.DefaultListableBeanFactory - Autowiring by type from bean name 'jdbcTemplate' via factory method to bean named 'spring.jdbc-org.springframework.boot.autoconfigure.jdbc.JdbcProperties'
14:51:58.445 [main] DEBUG o.s.b.f.s.DefaultListableBeanFactory - Autowiring by type from bean name 'courseRepository' via constructor to bean named 'jdbcTemplate'
14:51:58.457 [main] DEBUG o.s.b.f.s.DefaultListableBeanFactory - Creating shared instance of singleton bean 'groupRepository'
14:51:58.457 [main] DEBUG o.s.b.f.s.DefaultListableBeanFactory - Autowiring by type from bean name 'groupRepository' via constructor to bean named 'jdbcTemplate'
14:51:58.461 [main] DEBUG o.s.b.f.s.DefaultListableBeanFactory - Creating shared instance of singleton bean 'studentsRepository'
14:51:58.462 [main] DEBUG o.s.b.f.s.DefaultListableBeanFactory - Autowiring by type from bean name 'studentsRepository' via constructor to bean named 'jdbcTemplate'
14:51:58.465 [main] DEBUG o.s.b.f.s.DefaultListableBeanFactory - Creating shared instance of singleton bean 'dataServiceComposite'
14:51:58.466 [main] DEBUG o.s.b.f.s.DefaultListableBeanFactory - Creating shared instance of singleton bean 'courseService'
14:51:58.466 [main] DEBUG o.s.b.f.s.DefaultListableBeanFactory - Creating shared instance of singleton bean 'coursesGeneratorService'
14:51:58.467 [main] DEBUG o.s.b.f.s.DefaultListableBeanFactory - Creating shared instance of singleton bean 'courseParser'
14:51:58.468 [main] DEBUG o.s.b.f.s.DefaultListableBeanFactory - Creating shared instance of singleton bean 'readCoursesFile'
14:51:58.468 [main] DEBUG o.s.b.f.s.DefaultListableBeanFactory - Creating shared instance of singleton bean 'coursesDataFillerConfiguration'
14:51:58.469 [main] DEBUG o.s.c.e.PropertySourcesPropertyResolver - Found key 'courses' in PropertySource 'environmentProperties' with value of type String
14:51:58.469 [main] DEBUG o.s.b.f.s.DefaultListableBeanFactory - Autowiring by type from bean name 'coursesGeneratorService' via constructor to bean named 'courseParser'
14:51:58.469 [main] DEBUG o.s.b.f.s.DefaultListableBeanFactory - Autowiring by type from bean name 'coursesGeneratorService' via constructor to bean named 'readCoursesFile'
14:51:58.470 [main] DEBUG o.s.b.f.s.DefaultListableBeanFactory - Autowiring by type from bean name 'courseService' via constructor to bean named 'courseRepository'
14:51:58.470 [main] DEBUG o.s.b.f.s.DefaultListableBeanFactory - Autowiring by type from bean name 'courseService' via constructor to bean named 'coursesGeneratorService'
14:51:58.470 [main] DEBUG o.s.b.f.s.DefaultListableBeanFactory - Creating shared instance of singleton bean 'groupService'
14:51:58.471 [main] DEBUG o.s.b.f.s.DefaultListableBeanFactory - Creating shared instance of singleton bean 'groupGenerationData'
14:51:58.471 [main] DEBUG o.s.b.c.p.s.ConfigurationPropertySourcesPropertyResolver$DefaultResolver - Found key 'quantityGenerations' in PropertySource 'class path resource [groupDataFillerConfiguration.properties]' with value of type String
14:51:58.471 [main] DEBUG o.s.c.e.PropertySourcesPropertyResolver - Found key 'quantityGenerations' in PropertySource 'environmentProperties' with value of type String
14:51:58.472 [main] DEBUG o.s.b.c.p.s.ConfigurationPropertySourcesPropertyResolver$DefaultResolver - Found key 'amountOfLetters' in PropertySource 'class path resource [groupDataFillerConfiguration.properties]' with value of type String
14:51:58.472 [main] DEBUG o.s.c.e.PropertySourcesPropertyResolver - Found key 'amountOfLetters' in PropertySource 'environmentProperties' with value of type String
14:51:58.472 [main] DEBUG o.s.b.c.p.s.ConfigurationPropertySourcesPropertyResolver$DefaultResolver - Found key 'amountOfDigits' in PropertySource 'class path resource [groupDataFillerConfiguration.properties]' with value of type String
14:51:58.472 [main] DEBUG o.s.c.e.PropertySourcesPropertyResolver - Found key 'amountOfDigits' in PropertySource 'environmentProperties' with value of type String
14:51:58.473 [main] DEBUG o.s.b.f.s.DefaultListableBeanFactory - Autowiring by type from bean name 'groupService' via constructor to bean named 'groupRepository'
14:51:58.473 [main] DEBUG o.s.b.f.s.DefaultListableBeanFactory - Autowiring by type from bean name 'groupService' via constructor to bean named 'groupGenerationData'
14:51:58.473 [main] DEBUG o.s.b.f.s.DefaultListableBeanFactory - Creating shared instance of singleton bean 'studentService'
14:51:58.473 [main] DEBUG o.s.b.f.s.DefaultListableBeanFactory - Creating shared instance of singleton bean 'enrollmentsDataGeneration'
14:51:58.474 [main] DEBUG o.s.b.f.s.DefaultListableBeanFactory - Autowiring by type from bean name 'enrollmentsDataGeneration' via constructor to bean named 'studentsRepository'
14:51:58.474 [main] DEBUG o.s.b.f.s.DefaultListableBeanFactory - Autowiring by type from bean name 'enrollmentsDataGeneration' via constructor to bean named 'courseRepository'
14:51:58.474 [main] DEBUG o.s.b.c.p.s.ConfigurationPropertySourcesPropertyResolver$DefaultResolver - Found key 'numberOfStudentInOneCourse' in PropertySource 'class path resource [coursesDataFillerConfiguration.properties]' with value of type String
14:51:58.474 [main] DEBUG o.s.c.e.PropertySourcesPropertyResolver - Found key 'numberOfStudentInOneCourse' in PropertySource 'environmentProperties' with value of type String
14:51:58.474 [main] DEBUG o.s.b.f.s.DefaultListableBeanFactory - Creating shared instance of singleton bean 'studentsGenerationData'
14:51:58.474 [main] DEBUG o.s.b.f.s.DefaultListableBeanFactory - Creating shared instance of singleton bean 'studentsGeneratorService'
14:51:58.475 [main] DEBUG o.s.b.f.s.DefaultListableBeanFactory - Creating shared instance of singleton bean 'readNameFile'
14:51:58.475 [main] DEBUG o.s.b.f.s.DefaultListableBeanFactory - Creating shared instance of singleton bean 'studentsDataFillerConfiguration'
14:51:58.475 [main] DEBUG o.s.c.e.PropertySourcesPropertyResolver - Found key 'name' in PropertySource 'environmentProperties' with value of type String
14:51:58.476 [main] DEBUG o.s.b.f.s.DefaultListableBeanFactory - Creating shared instance of singleton bean 'readSurnameFile'
14:51:58.477 [main] DEBUG o.s.c.e.PropertySourcesPropertyResolver - Found key 'surname' in PropertySource 'environmentProperties' with value of type String
14:51:58.477 [main] DEBUG o.s.b.f.s.DefaultListableBeanFactory - Autowiring by type from bean name 'studentsGeneratorService' via constructor to bean named 'readNameFile'
14:51:58.477 [main] DEBUG o.s.b.f.s.DefaultListableBeanFactory - Autowiring by type from bean name 'studentsGeneratorService' via constructor to bean named 'readSurnameFile'
14:51:58.477 [main] DEBUG o.s.b.f.s.DefaultListableBeanFactory - Autowiring by type from bean name 'studentsGeneratorService' via constructor to bean named 'groupService'
14:51:58.477 [main] DEBUG o.s.b.f.s.DefaultListableBeanFactory - Autowiring by type from bean name 'studentsGenerationData' via constructor to bean named 'studentsGeneratorService'
14:51:58.478 [main] DEBUG o.s.b.c.p.s.ConfigurationPropertySourcesPropertyResolver$DefaultResolver - Found key 'initialQuantityGenerations' in PropertySource 'class path resource [studentsDataFillerConfiguration.properties]' with value of type String
14:51:58.478 [main] DEBUG o.s.c.e.PropertySourcesPropertyResolver - Found key 'initialQuantityGenerations' in PropertySource 'environmentProperties' with value of type String
14:51:58.478 [main] DEBUG o.s.b.c.p.s.ConfigurationPropertySourcesPropertyResolver$DefaultResolver - Found key 'maxGroupSize' in PropertySource 'class path resource [studentsDataFillerConfiguration.properties]' with value of type String
14:51:58.478 [main] DEBUG o.s.c.e.PropertySourcesPropertyResolver - Found key 'maxGroupSize' in PropertySource 'environmentProperties' with value of type String
14:51:58.478 [main] DEBUG o.s.b.c.p.s.ConfigurationPropertySourcesPropertyResolver$DefaultResolver - Found key 'minGroupSize' in PropertySource 'class path resource [studentsDataFillerConfiguration.properties]' with value of type String
14:51:58.478 [main] DEBUG o.s.c.e.PropertySourcesPropertyResolver - Found key 'minGroupSize' in PropertySource 'environmentProperties' with value of type String
14:51:58.478 [main] DEBUG o.s.b.f.s.DefaultListableBeanFactory - Autowiring by type from bean name 'studentService' via constructor to bean named 'studentsRepository'
14:51:58.478 [main] DEBUG o.s.b.f.s.DefaultListableBeanFactory - Autowiring by type from bean name 'studentService' via constructor to bean named 'enrollmentsDataGeneration'
14:51:58.478 [main] DEBUG o.s.b.f.s.DefaultListableBeanFactory - Autowiring by type from bean name 'studentService' via constructor to bean named 'studentsGenerationData'
14:51:58.479 [main] DEBUG o.s.b.f.s.DefaultListableBeanFactory - Autowiring by type from bean name 'dataServiceComposite' via constructor to bean named 'courseService'
14:51:58.479 [main] DEBUG o.s.b.f.s.DefaultListableBeanFactory - Autowiring by type from bean name 'dataServiceComposite' via constructor to bean named 'groupService'
14:51:58.479 [main] DEBUG o.s.b.f.s.DefaultListableBeanFactory - Autowiring by type from bean name 'dataServiceComposite' via constructor to bean named 'studentService'
14:51:58.479 [main] DEBUG o.s.b.f.s.DefaultListableBeanFactory - Creating shared instance of singleton bean 'launchApp'
14:51:58.480 [main] DEBUG o.s.b.f.s.DefaultListableBeanFactory - Autowiring by type from bean name 'launchApp' via constructor to bean named 'courseRepository'
14:51:58.480 [main] DEBUG o.s.b.f.s.DefaultListableBeanFactory - Autowiring by type from bean name 'launchApp' via constructor to bean named 'groupRepository'
14:51:58.480 [main] DEBUG o.s.b.f.s.DefaultListableBeanFactory - Autowiring by type from bean name 'launchApp' via constructor to bean named 'studentsRepository'
14:51:58.480 [main] DEBUG o.s.b.f.s.DefaultListableBeanFactory - Autowiring by type from bean name 'launchApp' via constructor to bean named 'dataServiceComposite'
14:51:58.482 [main] DEBUG com.zaxxer.hikari.HikariConfig - HikariPool-1 - configuration:
14:51:58.483 [main] DEBUG com.zaxxer.hikari.HikariConfig - allowPoolSuspension................................false
14:51:58.483 [main] DEBUG com.zaxxer.hikari.HikariConfig - autoCommit................................true
14:51:58.483 [main] DEBUG com.zaxxer.hikari.HikariConfig - catalog................................none
14:51:58.483 [main] DEBUG com.zaxxer.hikari.HikariConfig - connectionInitSql................................none
14:51:58.483 [main] DEBUG com.zaxxer.hikari.HikariConfig - connectionTestQuery................................none
14:51:58.483 [main] DEBUG com.zaxxer.hikari.HikariConfig - connectionTimeout................................30000
14:51:58.483 [main] DEBUG com.zaxxer.hikari.HikariConfig - dataSource................................none
14:51:58.483 [main] DEBUG com.zaxxer.hikari.HikariConfig - dataSourceClassName................................"org.postgresql.ds.PGSimpleDataSource"
14:51:58.483 [main] DEBUG com.zaxxer.hikari.HikariConfig - dataSourceJNDI................................none
14:51:58.484 [main] DEBUG com.zaxxer.hikari.HikariConfig - dataSourceProperties................................{password=<masked>, databaseName=school-console-app, serverName=localhost, user=postgres, portNumber=5432}
14:51:58.484 [main] DEBUG com.zaxxer.hikari.HikariConfig - driverClassName................................none
14:51:58.484 [main] DEBUG com.zaxxer.hikari.HikariConfig - exceptionOverrideClassName................................none
14:51:58.484 [main] DEBUG com.zaxxer.hikari.HikariConfig - healthCheckProperties................................{}
14:51:58.484 [main] DEBUG com.zaxxer.hikari.HikariConfig - healthCheckRegistry................................none
14:51:58.484 [main] DEBUG com.zaxxer.hikari.HikariConfig - idleTimeout................................600000
14:51:58.484 [main] DEBUG com.zaxxer.hikari.HikariConfig - initializationFailTimeout................................1
14:51:58.484 [main] DEBUG com.zaxxer.hikari.HikariConfig - isolateInternalQueries................................false
14:51:58.484 [main] DEBUG com.zaxxer.hikari.HikariConfig - jdbcUrl................................none
14:51:58.484 [main] DEBUG com.zaxxer.hikari.HikariConfig - keepaliveTime................................0
14:51:58.484 [main] DEBUG com.zaxxer.hikari.HikariConfig - leakDetectionThreshold................................0
14:51:58.484 [main] DEBUG com.zaxxer.hikari.HikariConfig - maxLifetime................................1800000
14:51:58.484 [main] DEBUG com.zaxxer.hikari.HikariConfig - maximumPoolSize................................10
14:51:58.484 [main] DEBUG com.zaxxer.hikari.HikariConfig - metricRegistry................................none
14:51:58.484 [main] DEBUG com.zaxxer.hikari.HikariConfig - metricsTrackerFactory................................none
14:51:58.484 [main] DEBUG com.zaxxer.hikari.HikariConfig - minimumIdle................................10
14:51:58.484 [main] DEBUG com.zaxxer.hikari.HikariConfig - password................................<masked>
14:51:58.484 [main] DEBUG com.zaxxer.hikari.HikariConfig - poolName................................"HikariPool-1"
14:51:58.484 [main] DEBUG com.zaxxer.hikari.HikariConfig - readOnly................................false
14:51:58.484 [main] DEBUG com.zaxxer.hikari.HikariConfig - registerMbeans................................false
14:51:58.484 [main] DEBUG com.zaxxer.hikari.HikariConfig - scheduledExecutor................................none
14:51:58.484 [main] DEBUG com.zaxxer.hikari.HikariConfig - schema................................none
14:51:58.485 [main] DEBUG com.zaxxer.hikari.HikariConfig - threadFactory................................internal
14:51:58.485 [main] DEBUG com.zaxxer.hikari.HikariConfig - transactionIsolation................................default
14:51:58.485 [main] DEBUG com.zaxxer.hikari.HikariConfig - username................................none
14:51:58.485 [main] DEBUG com.zaxxer.hikari.HikariConfig - validationTimeout................................5000
14:51:58.485 [main] INFO  com.zaxxer.hikari.HikariDataSource - HikariPool-1 - Starting...
14:51:58.623 [main] DEBUG com.zaxxer.hikari.pool.HikariPool - HikariPool-1 - Added connection org.postgresql.jdbc.PgConnection@149c3204
14:51:58.624 [main] INFO  com.zaxxer.hikari.HikariDataSource - HikariPool-1 - Start completed.
14:51:58.655 [main] DEBUG o.s.jdbc.core.JdbcTemplate - Executing SQL batch update [INSERT INTO courses (course_name, course_description) VALUES (?, ?)]
14:51:58.655 [main] DEBUG o.s.jdbc.core.JdbcTemplate - Executing prepared SQL statement [INSERT INTO courses (course_name, course_description) VALUES (?, ?)]
14:51:58.657 [main] DEBUG o.s.jdbc.datasource.DataSourceUtils - Fetching JDBC Connection from DataSource
14:51:58.657 [main] DEBUG com.zaxxer.hikari.HikariConfig - HikariPool-2 - configuration:
14:51:58.657 [main] DEBUG com.zaxxer.hikari.HikariConfig - allowPoolSuspension................................false
14:51:58.657 [main] DEBUG com.zaxxer.hikari.HikariConfig - autoCommit................................true
14:51:58.657 [main] DEBUG com.zaxxer.hikari.HikariConfig - catalog................................none
14:51:58.657 [main] DEBUG com.zaxxer.hikari.HikariConfig - connectionInitSql................................none
14:51:58.658 [main] DEBUG com.zaxxer.hikari.HikariConfig - connectionTestQuery................................none
14:51:58.658 [main] DEBUG com.zaxxer.hikari.HikariConfig - connectionTimeout................................30000
14:51:58.658 [main] DEBUG com.zaxxer.hikari.HikariConfig - dataSource................................none
14:51:58.658 [main] DEBUG com.zaxxer.hikari.HikariConfig - dataSourceClassName................................none
14:51:58.658 [main] DEBUG com.zaxxer.hikari.HikariConfig - dataSourceJNDI................................none
14:51:58.658 [main] DEBUG com.zaxxer.hikari.HikariConfig - dataSourceProperties................................{password=<masked>}
14:51:58.658 [main] DEBUG com.zaxxer.hikari.HikariConfig - driverClassName................................"org.postgresql.Driver"
14:51:58.658 [main] DEBUG com.zaxxer.hikari.HikariConfig - exceptionOverrideClassName................................none
14:51:58.658 [main] DEBUG com.zaxxer.hikari.HikariConfig - healthCheckProperties................................{}
14:51:58.658 [main] DEBUG com.zaxxer.hikari.HikariConfig - healthCheckRegistry................................none
14:51:58.658 [main] DEBUG com.zaxxer.hikari.HikariConfig - idleTimeout................................600000
14:51:58.658 [main] DEBUG com.zaxxer.hikari.HikariConfig - initializationFailTimeout................................1
14:51:58.658 [main] DEBUG com.zaxxer.hikari.HikariConfig - isolateInternalQueries................................false
14:51:58.658 [main] DEBUG com.zaxxer.hikari.HikariConfig - jdbcUrl................................jdbc:postgresql://localhost:5432/school-console-app
14:51:58.658 [main] DEBUG com.zaxxer.hikari.HikariConfig - keepaliveTime................................0
14:51:58.658 [main] DEBUG com.zaxxer.hikari.HikariConfig - leakDetectionThreshold................................0
14:51:58.658 [main] DEBUG com.zaxxer.hikari.HikariConfig - maxLifetime................................1800000
14:51:58.658 [main] DEBUG com.zaxxer.hikari.HikariConfig - maximumPoolSize................................10
14:51:58.658 [main] DEBUG com.zaxxer.hikari.HikariConfig - metricRegistry................................none
14:51:58.658 [main] DEBUG com.zaxxer.hikari.HikariConfig - metricsTrackerFactory................................none
14:51:58.658 [main] DEBUG com.zaxxer.hikari.HikariConfig - minimumIdle................................10
14:51:58.658 [main] DEBUG com.zaxxer.hikari.HikariConfig - password................................<masked>
14:51:58.658 [main] DEBUG com.zaxxer.hikari.HikariConfig - poolName................................"HikariPool-2"
14:51:58.658 [main] DEBUG com.zaxxer.hikari.HikariConfig - readOnly................................false
14:51:58.658 [main] DEBUG com.zaxxer.hikari.HikariConfig - registerMbeans................................false
14:51:58.658 [main] DEBUG com.zaxxer.hikari.HikariConfig - scheduledExecutor................................none
14:51:58.659 [main] DEBUG com.zaxxer.hikari.HikariConfig - schema................................none
14:51:58.659 [main] DEBUG com.zaxxer.hikari.HikariConfig - threadFactory................................internal
14:51:58.659 [main] DEBUG com.zaxxer.hikari.HikariConfig - transactionIsolation................................default
14:51:58.659 [main] DEBUG com.zaxxer.hikari.HikariConfig - username................................"postgres"
14:51:58.659 [main] DEBUG com.zaxxer.hikari.HikariConfig - validationTimeout................................5000
14:51:58.659 [main] INFO  com.zaxxer.hikari.HikariDataSource - HikariPool-2 - Starting...
14:51:58.707 [main] DEBUG com.zaxxer.hikari.pool.HikariPool - HikariPool-2 - Added connection org.postgresql.jdbc.PgConnection@5fcfca62
14:51:58.707 [main] INFO  com.zaxxer.hikari.HikariDataSource - HikariPool-2 - Start completed.
14:51:58.713 [main] DEBUG o.s.jdbc.support.JdbcUtils - JDBC driver supports batch updates
14:51:58.721 [main] DEBUG o.s.jdbc.core.JdbcTemplate - Executing SQL batch update [INSERT INTO groups (group_name) VALUES (?)]
14:51:58.721 [main] DEBUG o.s.jdbc.core.JdbcTemplate - Executing prepared SQL statement [INSERT INTO groups (group_name) VALUES (?)]
14:51:58.721 [main] DEBUG o.s.jdbc.datasource.DataSourceUtils - Fetching JDBC Connection from DataSource
14:51:58.721 [main] DEBUG o.s.jdbc.support.JdbcUtils - JDBC driver supports batch updates
14:51:58.725 [main] DEBUG o.s.jdbc.core.JdbcTemplate - Executing SQL query [SELECT * FROM groups ORDER BY group_id]
14:51:58.725 [main] DEBUG o.s.jdbc.datasource.DataSourceUtils - Fetching JDBC Connection from DataSource
14:51:58.728 [main] DEBUG o.s.jdbc.core.JdbcTemplate - Executing SQL batch update [INSERT INTO students (group_id, first_name, last_name) VALUES (?, ?, ?)]
14:51:58.728 [main] DEBUG o.s.jdbc.core.JdbcTemplate - Executing prepared SQL statement [INSERT INTO students (group_id, first_name, last_name) VALUES (?, ?, ?)]
14:51:58.728 [main] DEBUG o.s.jdbc.datasource.DataSourceUtils - Fetching JDBC Connection from DataSource
14:51:58.728 [main] DEBUG o.s.jdbc.support.JdbcUtils - JDBC driver supports batch updates
14:51:58.736 [main] DEBUG o.s.jdbc.core.JdbcTemplate - Executing SQL query [SELECT * FROM students ORDER BY student_id]
14:51:58.736 [main] DEBUG o.s.jdbc.datasource.DataSourceUtils - Fetching JDBC Connection from DataSource
14:51:58.738 [main] DEBUG o.s.jdbc.core.JdbcTemplate - Executing SQL query [SELECT * FROM courses ORDER BY course_id]
14:51:58.738 [main] DEBUG o.s.jdbc.datasource.DataSourceUtils - Fetching JDBC Connection from DataSource
14:51:58.739 [main] DEBUG o.s.jdbc.core.JdbcTemplate - Executing prepared SQL update
14:51:58.740 [main] DEBUG o.s.jdbc.core.JdbcTemplate - Executing prepared SQL statement [INSERT INTO enrollments (student_id,course_id) VALUES (?,?)]
14:51:58.740 [HikariPool-1 housekeeper] DEBUG com.zaxxer.hikari.pool.HikariPool - HikariPool-1 - Pool stats (total=1, active=1, idle=0, waiting=0)
14:51:58.740 [main] DEBUG o.s.jdbc.datasource.DataSourceUtils - Fetching JDBC Connection from DataSource
14:51:58.741 [main] DEBUG o.s.jdbc.core.JdbcTemplate - Executing prepared SQL update
14:51:58.741 [main] DEBUG o.s.jdbc.core.JdbcTemplate - Executing prepared SQL statement [INSERT INTO enrollments (student_id,course_id) VALUES (?,?)]
14:51:58.741 [main] DEBUG o.s.jdbc.datasource.DataSourceUtils - Fetching JDBC Connection from DataSource
14:51:58.742 [main] DEBUG o.s.jdbc.core.JdbcTemplate - Executing prepared SQL update
14:51:58.742 [main] DEBUG o.s.jdbc.core.JdbcTemplate - Executing prepared SQL statement [INSERT INTO enrollments (student_id,course_id) VALUES (?,?)]
14:51:58.742 [main] DEBUG o.s.jdbc.datasource.DataSourceUtils - Fetching JDBC Connection from DataSource
14:51:58.742 [main] DEBUG o.s.jdbc.core.JdbcTemplate - Executing prepared SQL update
14:51:58.742 [main] DEBUG o.s.jdbc.core.JdbcTemplate - Executing prepared SQL statement [INSERT INTO enrollments (student_id,course_id) VALUES (?,?)]
14:51:58.742 [main] DEBUG o.s.jdbc.datasource.DataSourceUtils - Fetching JDBC Connection from DataSource
14:51:58.743 [main] DEBUG o.s.jdbc.core.JdbcTemplate - Executing prepared SQL update
14:51:58.743 [main] DEBUG o.s.jdbc.core.JdbcTemplate - Executing prepared SQL statement [INSERT INTO enrollments (student_id,course_id) VALUES (?,?)]
14:51:58.743 [main] DEBUG o.s.jdbc.datasource.DataSourceUtils - Fetching JDBC Connection from DataSource
14:51:58.743 [main] DEBUG o.s.jdbc.core.JdbcTemplate - Executing prepared SQL update
14:51:58.743 [main] DEBUG o.s.jdbc.core.JdbcTemplate - Executing prepared SQL statement [INSERT INTO enrollments (student_id,course_id) VALUES (?,?)]
14:51:58.743 [main] DEBUG o.s.jdbc.datasource.DataSourceUtils - Fetching JDBC Connection from DataSource
14:51:58.744 [main] DEBUG o.s.jdbc.core.JdbcTemplate - Executing prepared SQL update
14:51:58.744 [main] DEBUG o.s.jdbc.core.JdbcTemplate - Executing prepared SQL statement [INSERT INTO enrollments (student_id,course_id) VALUES (?,?)]
14:51:58.744 [main] DEBUG o.s.jdbc.datasource.DataSourceUtils - Fetching JDBC Connection from DataSource
14:51:58.744 [main] DEBUG o.s.jdbc.core.JdbcTemplate - Executing prepared SQL update
14:51:58.744 [main] DEBUG o.s.jdbc.core.JdbcTemplate - Executing prepared SQL statement [INSERT INTO enrollments (student_id,course_id) VALUES (?,?)]
14:51:58.744 [main] DEBUG o.s.jdbc.datasource.DataSourceUtils - Fetching JDBC Connection from DataSource
14:51:58.745 [main] DEBUG o.s.jdbc.core.JdbcTemplate - Executing prepared SQL update
14:51:58.745 [main] DEBUG o.s.jdbc.core.JdbcTemplate - Executing prepared SQL statement [INSERT INTO enrollments (student_id,course_id) VALUES (?,?)]
14:51:58.745 [main] DEBUG o.s.jdbc.datasource.DataSourceUtils - Fetching JDBC Connection from DataSource
14:51:58.745 [main] DEBUG o.s.jdbc.core.JdbcTemplate - Executing prepared SQL update
14:51:58.745 [main] DEBUG o.s.jdbc.core.JdbcTemplate - Executing prepared SQL statement [INSERT INTO enrollments (student_id,course_id) VALUES (?,?)]
14:51:58.745 [main] DEBUG o.s.jdbc.datasource.DataSourceUtils - Fetching JDBC Connection from DataSource
14:51:58.745 [main] DEBUG o.s.jdbc.core.JdbcTemplate - Executing prepared SQL update
14:51:58.745 [main] DEBUG o.s.jdbc.core.JdbcTemplate - Executing prepared SQL statement [INSERT INTO enrollments (student_id,course_id) VALUES (?,?)]
14:51:58.745 [main] DEBUG o.s.jdbc.datasource.DataSourceUtils - Fetching JDBC Connection from DataSource
14:51:58.747 [main] DEBUG o.s.jdbc.core.JdbcTemplate - Executing prepared SQL update
14:51:58.747 [main] DEBUG o.s.jdbc.core.JdbcTemplate - Executing prepared SQL statement [INSERT INTO enrollments (student_id,course_id) VALUES (?,?)]
14:51:58.747 [main] DEBUG o.s.jdbc.datasource.DataSourceUtils - Fetching JDBC Connection from DataSource
14:51:58.747 [main] DEBUG o.s.jdbc.core.JdbcTemplate - Executing prepared SQL update
14:51:58.747 [main] DEBUG o.s.jdbc.core.JdbcTemplate - Executing prepared SQL statement [INSERT INTO enrollments (student_id,course_id) VALUES (?,?)]
14:51:58.747 [main] DEBUG o.s.jdbc.datasource.DataSourceUtils - Fetching JDBC Connection from DataSource
14:51:58.748 [main] DEBUG o.s.jdbc.core.JdbcTemplate - Executing prepared SQL update
14:51:58.748 [main] DEBUG o.s.jdbc.core.JdbcTemplate - Executing prepared SQL statement [INSERT INTO enrollments (student_id,course_id) VALUES (?,?)]
14:51:58.748 [main] DEBUG o.s.jdbc.datasource.DataSourceUtils - Fetching JDBC Connection from DataSource
14:51:58.748 [main] DEBUG o.s.jdbc.core.JdbcTemplate - Executing prepared SQL update
14:51:58.748 [main] DEBUG o.s.jdbc.core.JdbcTemplate - Executing prepared SQL statement [INSERT INTO enrollments (student_id,course_id) VALUES (?,?)]
14:51:58.748 [main] DEBUG o.s.jdbc.datasource.DataSourceUtils - Fetching JDBC Connection from DataSource
14:51:58.749 [main] DEBUG o.s.jdbc.core.JdbcTemplate - Executing prepared SQL update
14:51:58.749 [main] DEBUG o.s.jdbc.core.JdbcTemplate - Executing prepared SQL statement [INSERT INTO enrollments (student_id,course_id) VALUES (?,?)]
14:51:58.749 [main] DEBUG o.s.jdbc.datasource.DataSourceUtils - Fetching JDBC Connection from DataSource
14:51:58.750 [main] DEBUG o.s.jdbc.core.JdbcTemplate - Executing prepared SQL update
14:51:58.750 [main] DEBUG o.s.jdbc.core.JdbcTemplate - Executing prepared SQL statement [INSERT INTO enrollments (student_id,course_id) VALUES (?,?)]
14:51:58.750 [main] DEBUG o.s.jdbc.datasource.DataSourceUtils - Fetching JDBC Connection from DataSource
14:51:58.750 [main] DEBUG o.s.jdbc.core.JdbcTemplate - Executing prepared SQL update
14:51:58.750 [main] DEBUG o.s.jdbc.core.JdbcTemplate - Executing prepared SQL statement [INSERT INTO enrollments (student_id,course_id) VALUES (?,?)]
14:51:58.750 [main] DEBUG o.s.jdbc.datasource.DataSourceUtils - Fetching JDBC Connection from DataSource
14:51:58.751 [main] DEBUG o.s.jdbc.core.JdbcTemplate - Executing prepared SQL update
14:51:58.751 [main] DEBUG o.s.jdbc.core.JdbcTemplate - Executing prepared SQL statement [INSERT INTO enrollments (student_id,course_id) VALUES (?,?)]
14:51:58.751 [main] DEBUG o.s.jdbc.datasource.DataSourceUtils - Fetching JDBC Connection from DataSource
14:51:58.751 [main] DEBUG o.s.jdbc.core.JdbcTemplate - Executing prepared SQL update
14:51:58.751 [main] DEBUG o.s.jdbc.core.JdbcTemplate - Executing prepared SQL statement [INSERT INTO enrollments (student_id,course_id) VALUES (?,?)]
14:51:58.751 [main] DEBUG o.s.jdbc.datasource.DataSourceUtils - Fetching JDBC Connection from DataSource
14:51:58.751 [main] DEBUG o.s.jdbc.core.JdbcTemplate - Executing prepared SQL update
14:51:58.751 [main] DEBUG o.s.jdbc.core.JdbcTemplate - Executing prepared SQL statement [INSERT INTO enrollments (student_id,course_id) VALUES (?,?)]
14:51:58.751 [main] DEBUG o.s.jdbc.datasource.DataSourceUtils - Fetching JDBC Connection from DataSource
14:51:58.752 [main] DEBUG o.s.jdbc.core.JdbcTemplate - Executing prepared SQL update
14:51:58.752 [main] DEBUG o.s.jdbc.core.JdbcTemplate - Executing prepared SQL statement [INSERT INTO enrollments (student_id,course_id) VALUES (?,?)]
14:51:58.752 [main] DEBUG o.s.jdbc.datasource.DataSourceUtils - Fetching JDBC Connection from DataSource
14:51:58.752 [main] DEBUG o.s.jdbc.core.JdbcTemplate - Executing prepared SQL update
14:51:58.752 [main] DEBUG o.s.jdbc.core.JdbcTemplate - Executing prepared SQL statement [INSERT INTO enrollments (student_id,course_id) VALUES (?,?)]
14:51:58.752 [main] DEBUG o.s.jdbc.datasource.DataSourceUtils - Fetching JDBC Connection from DataSource
14:51:58.753 [main] DEBUG o.s.jdbc.core.JdbcTemplate - Executing prepared SQL update
14:51:58.753 [main] DEBUG o.s.jdbc.core.JdbcTemplate - Executing prepared SQL statement [INSERT INTO enrollments (student_id,course_id) VALUES (?,?)]
14:51:58.753 [main] DEBUG o.s.jdbc.datasource.DataSourceUtils - Fetching JDBC Connection from DataSource
14:51:58.753 [main] DEBUG o.s.jdbc.core.JdbcTemplate - Executing prepared SQL update
14:51:58.753 [main] DEBUG o.s.jdbc.core.JdbcTemplate - Executing prepared SQL statement [INSERT INTO enrollments (student_id,course_id) VALUES (?,?)]
14:51:58.753 [main] DEBUG o.s.jdbc.datasource.DataSourceUtils - Fetching JDBC Connection from DataSource
14:51:58.754 [main] DEBUG o.s.jdbc.core.JdbcTemplate - Executing prepared SQL update
14:51:58.754 [main] DEBUG o.s.jdbc.core.JdbcTemplate - Executing prepared SQL statement [INSERT INTO enrollments (student_id,course_id) VALUES (?,?)]
14:51:58.754 [main] DEBUG o.s.jdbc.datasource.DataSourceUtils - Fetching JDBC Connection from DataSource
14:51:58.754 [main] DEBUG o.s.jdbc.core.JdbcTemplate - Executing prepared SQL update
14:51:58.754 [main] DEBUG o.s.jdbc.core.JdbcTemplate - Executing prepared SQL statement [INSERT INTO enrollments (student_id,course_id) VALUES (?,?)]
14:51:58.754 [main] DEBUG o.s.jdbc.datasource.DataSourceUtils - Fetching JDBC Connection from DataSource
14:51:58.755 [main] DEBUG o.s.jdbc.core.JdbcTemplate - Executing prepared SQL update
14:51:58.755 [main] DEBUG o.s.jdbc.core.JdbcTemplate - Executing prepared SQL statement [INSERT INTO enrollments (student_id,course_id) VALUES (?,?)]
14:51:58.755 [main] DEBUG o.s.jdbc.datasource.DataSourceUtils - Fetching JDBC Connection from DataSource
14:51:58.755 [main] DEBUG o.s.jdbc.core.JdbcTemplate - Executing prepared SQL update
14:51:58.755 [main] DEBUG o.s.jdbc.core.JdbcTemplate - Executing prepared SQL statement [INSERT INTO enrollments (student_id,course_id) VALUES (?,?)]
14:51:58.755 [main] DEBUG o.s.jdbc.datasource.DataSourceUtils - Fetching JDBC Connection from DataSource
14:51:58.756 [main] DEBUG o.s.jdbc.core.JdbcTemplate - Executing prepared SQL update
14:51:58.756 [main] DEBUG o.s.jdbc.core.JdbcTemplate - Executing prepared SQL statement [INSERT INTO enrollments (student_id,course_id) VALUES (?,?)]
14:51:58.756 [main] DEBUG o.s.jdbc.datasource.DataSourceUtils - Fetching JDBC Connection from DataSource
14:51:58.756 [main] DEBUG o.s.jdbc.core.JdbcTemplate - Executing prepared SQL update
14:51:58.756 [main] DEBUG o.s.jdbc.core.JdbcTemplate - Executing prepared SQL statement [INSERT INTO enrollments (student_id,course_id) VALUES (?,?)]
14:51:58.756 [main] DEBUG o.s.jdbc.datasource.DataSourceUtils - Fetching JDBC Connection from DataSource
14:51:58.756 [main] DEBUG o.s.jdbc.core.JdbcTemplate - Executing prepared SQL update
14:51:58.757 [main] DEBUG o.s.jdbc.core.JdbcTemplate - Executing prepared SQL statement [INSERT INTO enrollments (student_id,course_id) VALUES (?,?)]
14:51:58.757 [main] DEBUG o.s.jdbc.datasource.DataSourceUtils - Fetching JDBC Connection from DataSource
14:51:58.757 [main] DEBUG o.s.jdbc.core.JdbcTemplate - Executing prepared SQL update
14:51:58.757 [main] DEBUG o.s.jdbc.core.JdbcTemplate - Executing prepared SQL statement [INSERT INTO enrollments (student_id,course_id) VALUES (?,?)]
14:51:58.757 [main] DEBUG o.s.jdbc.datasource.DataSourceUtils - Fetching JDBC Connection from DataSource
14:51:58.757 [main] DEBUG o.s.jdbc.core.JdbcTemplate - Executing prepared SQL update
14:51:58.757 [main] DEBUG o.s.jdbc.core.JdbcTemplate - Executing prepared SQL statement [INSERT INTO enrollments (student_id,course_id) VALUES (?,?)]
14:51:58.757 [main] DEBUG o.s.jdbc.datasource.DataSourceUtils - Fetching JDBC Connection from DataSource
14:51:58.758 [main] DEBUG o.s.jdbc.core.JdbcTemplate - Executing prepared SQL update
14:51:58.758 [main] DEBUG o.s.jdbc.core.JdbcTemplate - Executing prepared SQL statement [INSERT INTO enrollments (student_id,course_id) VALUES (?,?)]
14:51:58.758 [main] DEBUG o.s.jdbc.datasource.DataSourceUtils - Fetching JDBC Connection from DataSource
14:51:58.758 [main] DEBUG o.s.jdbc.core.JdbcTemplate - Executing prepared SQL update
14:51:58.758 [main] DEBUG o.s.jdbc.core.JdbcTemplate - Executing prepared SQL statement [INSERT INTO enrollments (student_id,course_id) VALUES (?,?)]
14:51:58.758 [main] DEBUG o.s.jdbc.datasource.DataSourceUtils - Fetching JDBC Connection from DataSource
14:51:58.759 [main] DEBUG o.s.jdbc.core.JdbcTemplate - Executing prepared SQL update
14:51:58.759 [main] DEBUG o.s.jdbc.core.JdbcTemplate - Executing prepared SQL statement [INSERT INTO enrollments (student_id,course_id) VALUES (?,?)]
14:51:58.759 [main] DEBUG o.s.jdbc.datasource.DataSourceUtils - Fetching JDBC Connection from DataSource
14:51:58.759 [main] DEBUG o.s.jdbc.core.JdbcTemplate - Executing prepared SQL update
14:51:58.759 [main] DEBUG o.s.jdbc.core.JdbcTemplate - Executing prepared SQL statement [INSERT INTO enrollments (student_id,course_id) VALUES (?,?)]
14:51:58.759 [main] DEBUG o.s.jdbc.datasource.DataSourceUtils - Fetching JDBC Connection from DataSource
14:51:58.760 [main] DEBUG o.s.jdbc.core.JdbcTemplate - Executing prepared SQL update
14:51:58.760 [main] DEBUG o.s.jdbc.core.JdbcTemplate - Executing prepared SQL statement [INSERT INTO enrollments (student_id,course_id) VALUES (?,?)]
14:51:58.760 [main] DEBUG o.s.jdbc.datasource.DataSourceUtils - Fetching JDBC Connection from DataSource
14:51:58.760 [main] DEBUG o.s.jdbc.core.JdbcTemplate - Executing prepared SQL update
14:51:58.760 [main] DEBUG o.s.jdbc.core.JdbcTemplate - Executing prepared SQL statement [INSERT INTO enrollments (student_id,course_id) VALUES (?,?)]
14:51:58.760 [main] DEBUG o.s.jdbc.datasource.DataSourceUtils - Fetching JDBC Connection from DataSource
14:51:58.760 [main] DEBUG o.s.jdbc.core.JdbcTemplate - Executing prepared SQL update
14:51:58.760 [main] DEBUG o.s.jdbc.core.JdbcTemplate - Executing prepared SQL statement [INSERT INTO enrollments (student_id,course_id) VALUES (?,?)]
14:51:58.760 [main] DEBUG o.s.jdbc.datasource.DataSourceUtils - Fetching JDBC Connection from DataSource
14:51:58.761 [main] DEBUG o.s.jdbc.core.JdbcTemplate - Executing prepared SQL update
14:51:58.761 [main] DEBUG o.s.jdbc.core.JdbcTemplate - Executing prepared SQL statement [INSERT INTO enrollments (student_id,course_id) VALUES (?,?)]
14:51:58.761 [main] DEBUG o.s.jdbc.datasource.DataSourceUtils - Fetching JDBC Connection from DataSource
14:51:58.761 [main] DEBUG o.s.jdbc.core.JdbcTemplate - Executing prepared SQL update
14:51:58.761 [main] DEBUG o.s.jdbc.core.JdbcTemplate - Executing prepared SQL statement [INSERT INTO enrollments (student_id,course_id) VALUES (?,?)]
14:51:58.761 [main] DEBUG o.s.jdbc.datasource.DataSourceUtils - Fetching JDBC Connection from DataSource
14:51:58.762 [main] DEBUG o.s.jdbc.core.JdbcTemplate - Executing prepared SQL update
14:51:58.762 [main] DEBUG o.s.jdbc.core.JdbcTemplate - Executing prepared SQL statement [INSERT INTO enrollments (student_id,course_id) VALUES (?,?)]
14:51:58.762 [main] DEBUG o.s.jdbc.datasource.DataSourceUtils - Fetching JDBC Connection from DataSource
14:51:58.762 [main] DEBUG o.s.jdbc.core.JdbcTemplate - Executing prepared SQL update
14:51:58.762 [main] DEBUG o.s.jdbc.core.JdbcTemplate - Executing prepared SQL statement [INSERT INTO enrollments (student_id,course_id) VALUES (?,?)]
14:51:58.762 [main] DEBUG o.s.jdbc.datasource.DataSourceUtils - Fetching JDBC Connection from DataSource
14:51:58.762 [main] DEBUG o.s.jdbc.core.JdbcTemplate - Executing prepared SQL update
14:51:58.762 [main] DEBUG o.s.jdbc.core.JdbcTemplate - Executing prepared SQL statement [INSERT INTO enrollments (student_id,course_id) VALUES (?,?)]
14:51:58.762 [main] DEBUG o.s.jdbc.datasource.DataSourceUtils - Fetching JDBC Connection from DataSource
14:51:58.762 [main] DEBUG o.s.jdbc.core.JdbcTemplate - Executing prepared SQL update
14:51:58.762 [main] DEBUG o.s.jdbc.core.JdbcTemplate - Executing prepared SQL statement [INSERT INTO enrollments (student_id,course_id) VALUES (?,?)]
14:51:58.762 [main] DEBUG o.s.jdbc.datasource.DataSourceUtils - Fetching JDBC Connection from DataSource
14:51:58.763 [main] DEBUG o.s.jdbc.core.JdbcTemplate - Executing prepared SQL update
14:51:58.763 [main] DEBUG o.s.jdbc.core.JdbcTemplate - Executing prepared SQL statement [INSERT INTO enrollments (student_id,course_id) VALUES (?,?)]
14:51:58.763 [main] DEBUG o.s.jdbc.datasource.DataSourceUtils - Fetching JDBC Connection from DataSource
14:51:58.763 [main] DEBUG o.s.jdbc.core.JdbcTemplate - Executing prepared SQL update
14:51:58.763 [main] DEBUG o.s.jdbc.core.JdbcTemplate - Executing prepared SQL statement [INSERT INTO enrollments (student_id,course_id) VALUES (?,?)]
14:51:58.763 [main] DEBUG o.s.jdbc.datasource.DataSourceUtils - Fetching JDBC Connection from DataSource
14:51:58.763 [main] DEBUG o.s.jdbc.core.JdbcTemplate - Executing prepared SQL update
14:51:58.763 [main] DEBUG o.s.jdbc.core.JdbcTemplate - Executing prepared SQL statement [INSERT INTO enrollments (student_id,course_id) VALUES (?,?)]
14:51:58.763 [main] DEBUG o.s.jdbc.datasource.DataSourceUtils - Fetching JDBC Connection from DataSource
14:51:58.764 [main] DEBUG o.s.jdbc.core.JdbcTemplate - Executing prepared SQL update
14:51:58.764 [main] DEBUG o.s.jdbc.core.JdbcTemplate - Executing prepared SQL statement [INSERT INTO enrollments (student_id,course_id) VALUES (?,?)]
14:51:58.764 [main] DEBUG o.s.jdbc.datasource.DataSourceUtils - Fetching JDBC Connection from DataSource
14:51:58.764 [main] DEBUG o.s.jdbc.core.JdbcTemplate - Executing prepared SQL update
14:51:58.764 [main] DEBUG o.s.jdbc.core.JdbcTemplate - Executing prepared SQL statement [INSERT INTO enrollments (student_id,course_id) VALUES (?,?)]
14:51:58.764 [main] DEBUG o.s.jdbc.datasource.DataSourceUtils - Fetching JDBC Connection from DataSource
14:51:58.764 [main] DEBUG o.s.jdbc.core.JdbcTemplate - Executing prepared SQL update
14:51:58.764 [main] DEBUG o.s.jdbc.core.JdbcTemplate - Executing prepared SQL statement [INSERT INTO enrollments (student_id,course_id) VALUES (?,?)]
14:51:58.764 [main] DEBUG o.s.jdbc.datasource.DataSourceUtils - Fetching JDBC Connection from DataSource
14:51:58.764 [main] DEBUG o.s.jdbc.core.JdbcTemplate - Executing prepared SQL update
14:51:58.764 [main] DEBUG o.s.jdbc.core.JdbcTemplate - Executing prepared SQL statement [INSERT INTO enrollments (student_id,course_id) VALUES (?,?)]
14:51:58.764 [main] DEBUG o.s.jdbc.datasource.DataSourceUtils - Fetching JDBC Connection from DataSource
14:51:58.765 [main] DEBUG o.s.jdbc.core.JdbcTemplate - Executing prepared SQL update
14:51:58.765 [main] DEBUG o.s.jdbc.core.JdbcTemplate - Executing prepared SQL statement [INSERT INTO enrollments (student_id,course_id) VALUES (?,?)]
14:51:58.765 [main] DEBUG o.s.jdbc.datasource.DataSourceUtils - Fetching JDBC Connection from DataSource
14:51:58.765 [main] DEBUG o.s.jdbc.core.JdbcTemplate - Executing prepared SQL update
14:51:58.765 [main] DEBUG o.s.jdbc.core.JdbcTemplate - Executing prepared SQL statement [INSERT INTO enrollments (student_id,course_id) VALUES (?,?)]
14:51:58.765 [main] DEBUG o.s.jdbc.datasource.DataSourceUtils - Fetching JDBC Connection from DataSource
14:51:58.766 [main] DEBUG o.s.jdbc.core.JdbcTemplate - Executing prepared SQL update
14:51:58.766 [main] DEBUG o.s.jdbc.core.JdbcTemplate - Executing prepared SQL statement [INSERT INTO enrollments (student_id,course_id) VALUES (?,?)]
14:51:58.766 [main] DEBUG o.s.jdbc.datasource.DataSourceUtils - Fetching JDBC Connection from DataSource
14:51:58.766 [main] DEBUG o.s.jdbc.core.JdbcTemplate - Executing prepared SQL update
14:51:58.766 [main] DEBUG o.s.jdbc.core.JdbcTemplate - Executing prepared SQL statement [INSERT INTO enrollments (student_id,course_id) VALUES (?,?)]
14:51:58.766 [main] DEBUG o.s.jdbc.datasource.DataSourceUtils - Fetching JDBC Connection from DataSource
14:51:58.766 [main] DEBUG o.s.jdbc.core.JdbcTemplate - Executing prepared SQL update
14:51:58.766 [main] DEBUG o.s.jdbc.core.JdbcTemplate - Executing prepared SQL statement [INSERT INTO enrollments (student_id,course_id) VALUES (?,?)]
14:51:58.766 [main] DEBUG o.s.jdbc.datasource.DataSourceUtils - Fetching JDBC Connection from DataSource
14:51:58.767 [main] DEBUG o.s.jdbc.core.JdbcTemplate - Executing prepared SQL update
14:51:58.767 [main] DEBUG o.s.jdbc.core.JdbcTemplate - Executing prepared SQL statement [INSERT INTO enrollments (student_id,course_id) VALUES (?,?)]
14:51:58.767 [main] DEBUG o.s.jdbc.datasource.DataSourceUtils - Fetching JDBC Connection from DataSource
14:51:58.767 [main] DEBUG o.s.jdbc.core.JdbcTemplate - Executing prepared SQL update
14:51:58.767 [main] DEBUG o.s.jdbc.core.JdbcTemplate - Executing prepared SQL statement [INSERT INTO enrollments (student_id,course_id) VALUES (?,?)]
14:51:58.767 [main] DEBUG o.s.jdbc.datasource.DataSourceUtils - Fetching JDBC Connection from DataSource
14:51:58.767 [main] DEBUG o.s.jdbc.core.JdbcTemplate - Executing prepared SQL update
14:51:58.767 [main] DEBUG o.s.jdbc.core.JdbcTemplate - Executing prepared SQL statement [INSERT INTO enrollments (student_id,course_id) VALUES (?,?)]
14:51:58.767 [main] DEBUG o.s.jdbc.datasource.DataSourceUtils - Fetching JDBC Connection from DataSource
14:51:58.767 [main] DEBUG o.s.jdbc.core.JdbcTemplate - Executing prepared SQL update
14:51:58.767 [main] DEBUG o.s.jdbc.core.JdbcTemplate - Executing prepared SQL statement [INSERT INTO enrollments (student_id,course_id) VALUES (?,?)]
14:51:58.767 [main] DEBUG o.s.jdbc.datasource.DataSourceUtils - Fetching JDBC Connection from DataSource
14:51:58.767 [main] DEBUG o.s.jdbc.core.JdbcTemplate - Executing prepared SQL update
14:51:58.767 [main] DEBUG o.s.jdbc.core.JdbcTemplate - Executing prepared SQL statement [INSERT INTO enrollments (student_id,course_id) VALUES (?,?)]
14:51:58.767 [main] DEBUG o.s.jdbc.datasource.DataSourceUtils - Fetching JDBC Connection from DataSource
14:51:58.768 [main] DEBUG o.s.jdbc.core.JdbcTemplate - Executing prepared SQL update
14:51:58.768 [main] DEBUG o.s.jdbc.core.JdbcTemplate - Executing prepared SQL statement [INSERT INTO enrollments (student_id,course_id) VALUES (?,?)]
14:51:58.768 [main] DEBUG o.s.jdbc.datasource.DataSourceUtils - Fetching JDBC Connection from DataSource
14:51:58.768 [main] DEBUG o.s.jdbc.core.JdbcTemplate - Executing prepared SQL update
14:51:58.768 [main] DEBUG o.s.jdbc.core.JdbcTemplate - Executing prepared SQL statement [INSERT INTO enrollments (student_id,course_id) VALUES (?,?)]
14:51:58.768 [main] DEBUG o.s.jdbc.datasource.DataSourceUtils - Fetching JDBC Connection from DataSource
14:51:58.768 [main] DEBUG o.s.jdbc.core.JdbcTemplate - Executing prepared SQL update
14:51:58.768 [main] DEBUG o.s.jdbc.core.JdbcTemplate - Executing prepared SQL statement [INSERT INTO enrollments (student_id,course_id) VALUES (?,?)]
14:51:58.768 [main] DEBUG o.s.jdbc.datasource.DataSourceUtils - Fetching JDBC Connection from DataSource
14:51:58.769 [main] DEBUG o.s.jdbc.core.JdbcTemplate - Executing prepared SQL update
14:51:58.769 [main] DEBUG o.s.jdbc.core.JdbcTemplate - Executing prepared SQL statement [INSERT INTO enrollments (student_id,course_id) VALUES (?,?)]
14:51:58.769 [main] DEBUG o.s.jdbc.datasource.DataSourceUtils - Fetching JDBC Connection from DataSource
14:51:58.769 [main] DEBUG o.s.jdbc.core.JdbcTemplate - Executing prepared SQL update
14:51:58.769 [main] DEBUG o.s.jdbc.core.JdbcTemplate - Executing prepared SQL statement [INSERT INTO enrollments (student_id,course_id) VALUES (?,?)]
14:51:58.769 [main] DEBUG o.s.jdbc.datasource.DataSourceUtils - Fetching JDBC Connection from DataSource
14:51:58.769 [main] DEBUG o.s.jdbc.core.JdbcTemplate - Executing prepared SQL update
14:51:58.769 [main] DEBUG o.s.jdbc.core.JdbcTemplate - Executing prepared SQL statement [INSERT INTO enrollments (student_id,course_id) VALUES (?,?)]
14:51:58.769 [main] DEBUG o.s.jdbc.datasource.DataSourceUtils - Fetching JDBC Connection from DataSource
14:51:58.769 [main] DEBUG o.s.jdbc.core.JdbcTemplate - Executing prepared SQL update
14:51:58.769 [main] DEBUG o.s.jdbc.core.JdbcTemplate - Executing prepared SQL statement [INSERT INTO enrollments (student_id,course_id) VALUES (?,?)]
14:51:58.769 [main] DEBUG o.s.jdbc.datasource.DataSourceUtils - Fetching JDBC Connection from DataSource
14:51:58.770 [main] DEBUG o.s.jdbc.core.JdbcTemplate - Executing prepared SQL update
14:51:58.770 [main] DEBUG o.s.jdbc.core.JdbcTemplate - Executing prepared SQL statement [INSERT INTO enrollments (student_id,course_id) VALUES (?,?)]
14:51:58.770 [main] DEBUG o.s.jdbc.datasource.DataSourceUtils - Fetching JDBC Connection from DataSource
14:51:58.770 [main] DEBUG o.s.jdbc.core.JdbcTemplate - Executing prepared SQL update
14:51:58.770 [main] DEBUG o.s.jdbc.core.JdbcTemplate - Executing prepared SQL statement [INSERT INTO enrollments (student_id,course_id) VALUES (?,?)]
14:51:58.770 [main] DEBUG o.s.jdbc.datasource.DataSourceUtils - Fetching JDBC Connection from DataSource
14:51:58.770 [main] DEBUG o.s.jdbc.core.JdbcTemplate - Executing prepared SQL update
14:51:58.770 [main] DEBUG o.s.jdbc.core.JdbcTemplate - Executing prepared SQL statement [INSERT INTO enrollments (student_id,course_id) VALUES (?,?)]
14:51:58.770 [main] DEBUG o.s.jdbc.datasource.DataSourceUtils - Fetching JDBC Connection from DataSource
14:51:58.771 [main] DEBUG o.s.jdbc.core.JdbcTemplate - Executing prepared SQL update
14:51:58.771 [main] DEBUG o.s.jdbc.core.JdbcTemplate - Executing prepared SQL statement [INSERT INTO enrollments (student_id,course_id) VALUES (?,?)]
14:51:58.771 [main] DEBUG o.s.jdbc.datasource.DataSourceUtils - Fetching JDBC Connection from DataSource
14:51:58.771 [main] DEBUG o.s.jdbc.core.JdbcTemplate - Executing prepared SQL update
14:51:58.771 [main] DEBUG o.s.jdbc.core.JdbcTemplate - Executing prepared SQL statement [INSERT INTO enrollments (student_id,course_id) VALUES (?,?)]
14:51:58.771 [main] DEBUG o.s.jdbc.datasource.DataSourceUtils - Fetching JDBC Connection from DataSource
14:51:58.771 [main] DEBUG o.s.jdbc.core.JdbcTemplate - Executing prepared SQL update
14:51:58.771 [main] DEBUG o.s.jdbc.core.JdbcTemplate - Executing prepared SQL statement [INSERT INTO enrollments (student_id,course_id) VALUES (?,?)]
14:51:58.771 [main] DEBUG o.s.jdbc.datasource.DataSourceUtils - Fetching JDBC Connection from DataSource
14:51:58.771 [main] DEBUG o.s.jdbc.core.JdbcTemplate - Executing prepared SQL update
14:51:58.771 [main] DEBUG o.s.jdbc.core.JdbcTemplate - Executing prepared SQL statement [INSERT INTO enrollments (student_id,course_id) VALUES (?,?)]
14:51:58.771 [main] DEBUG o.s.jdbc.datasource.DataSourceUtils - Fetching JDBC Connection from DataSource
14:51:58.772 [main] DEBUG o.s.jdbc.core.JdbcTemplate - Executing prepared SQL update
14:51:58.772 [main] DEBUG o.s.jdbc.core.JdbcTemplate - Executing prepared SQL statement [INSERT INTO enrollments (student_id,course_id) VALUES (?,?)]
14:51:58.772 [main] DEBUG o.s.jdbc.datasource.DataSourceUtils - Fetching JDBC Connection from DataSource
14:51:58.772 [main] DEBUG o.s.jdbc.core.JdbcTemplate - Executing prepared SQL update
14:51:58.772 [main] DEBUG o.s.jdbc.core.JdbcTemplate - Executing prepared SQL statement [INSERT INTO enrollments (student_id,course_id) VALUES (?,?)]
14:51:58.772 [main] DEBUG o.s.jdbc.datasource.DataSourceUtils - Fetching JDBC Connection from DataSource
14:51:58.772 [main] DEBUG o.s.jdbc.core.JdbcTemplate - Executing prepared SQL update
14:51:58.772 [main] DEBUG o.s.jdbc.core.JdbcTemplate - Executing prepared SQL statement [INSERT INTO enrollments (student_id,course_id) VALUES (?,?)]
14:51:58.772 [main] DEBUG o.s.jdbc.datasource.DataSourceUtils - Fetching JDBC Connection from DataSource
14:51:58.772 [main] DEBUG o.s.jdbc.core.JdbcTemplate - Executing prepared SQL update
14:51:58.773 [main] DEBUG o.s.jdbc.core.JdbcTemplate - Executing prepared SQL statement [INSERT INTO enrollments (student_id,course_id) VALUES (?,?)]
14:51:58.773 [main] DEBUG o.s.jdbc.datasource.DataSourceUtils - Fetching JDBC Connection from DataSource
14:51:58.773 [main] DEBUG o.s.jdbc.core.JdbcTemplate - Executing prepared SQL update
14:51:58.773 [main] DEBUG o.s.jdbc.core.JdbcTemplate - Executing prepared SQL statement [INSERT INTO enrollments (student_id,course_id) VALUES (?,?)]
14:51:58.773 [main] DEBUG o.s.jdbc.datasource.DataSourceUtils - Fetching JDBC Connection from DataSource
14:51:58.773 [main] DEBUG o.s.jdbc.core.JdbcTemplate - Executing prepared SQL update
14:51:58.773 [main] DEBUG o.s.jdbc.core.JdbcTemplate - Executing prepared SQL statement [INSERT INTO enrollments (student_id,course_id) VALUES (?,?)]
14:51:58.773 [main] DEBUG o.s.jdbc.datasource.DataSourceUtils - Fetching JDBC Connection from DataSource
14:51:58.773 [main] DEBUG o.s.jdbc.core.JdbcTemplate - Executing prepared SQL update
14:51:58.773 [main] DEBUG o.s.jdbc.core.JdbcTemplate - Executing prepared SQL statement [INSERT INTO enrollments (student_id,course_id) VALUES (?,?)]
14:51:58.773 [main] DEBUG o.s.jdbc.datasource.DataSourceUtils - Fetching JDBC Connection from DataSource
14:51:58.774 [main] DEBUG o.s.jdbc.core.JdbcTemplate - Executing prepared SQL update
14:51:58.774 [main] DEBUG o.s.jdbc.core.JdbcTemplate - Executing prepared SQL statement [INSERT INTO enrollments (student_id,course_id) VALUES (?,?)]
14:51:58.774 [main] DEBUG o.s.jdbc.datasource.DataSourceUtils - Fetching JDBC Connection from DataSource
14:51:58.774 [main] DEBUG o.s.jdbc.core.JdbcTemplate - Executing prepared SQL update
14:51:58.774 [main] DEBUG o.s.jdbc.core.JdbcTemplate - Executing prepared SQL statement [INSERT INTO enrollments (student_id,course_id) VALUES (?,?)]
14:51:58.774 [main] DEBUG o.s.jdbc.datasource.DataSourceUtils - Fetching JDBC Connection from DataSource
14:51:58.774 [main] DEBUG o.s.jdbc.core.JdbcTemplate - Executing prepared SQL update
14:51:58.774 [main] DEBUG o.s.jdbc.core.JdbcTemplate - Executing prepared SQL statement [INSERT INTO enrollments (student_id,course_id) VALUES (?,?)]
14:51:58.774 [main] DEBUG o.s.jdbc.datasource.DataSourceUtils - Fetching JDBC Connection from DataSource
14:51:58.774 [main] DEBUG o.s.jdbc.core.JdbcTemplate - Executing prepared SQL update
14:51:58.774 [main] DEBUG o.s.jdbc.core.JdbcTemplate - Executing prepared SQL statement [INSERT INTO enrollments (student_id,course_id) VALUES (?,?)]
14:51:58.774 [main] DEBUG o.s.jdbc.datasource.DataSourceUtils - Fetching JDBC Connection from DataSource
14:51:58.775 [main] DEBUG o.s.jdbc.core.JdbcTemplate - Executing prepared SQL update
14:51:58.775 [main] DEBUG o.s.jdbc.core.JdbcTemplate - Executing prepared SQL statement [INSERT INTO enrollments (student_id,course_id) VALUES (?,?)]
14:51:58.775 [main] DEBUG o.s.jdbc.datasource.DataSourceUtils - Fetching JDBC Connection from DataSource
14:51:58.775 [main] DEBUG o.s.jdbc.core.JdbcTemplate - Executing prepared SQL update
14:51:58.775 [main] DEBUG o.s.jdbc.core.JdbcTemplate - Executing prepared SQL statement [INSERT INTO enrollments (student_id,course_id) VALUES (?,?)]
14:51:58.775 [main] DEBUG o.s.jdbc.datasource.DataSourceUtils - Fetching JDBC Connection from DataSource
14:51:58.775 [main] DEBUG o.s.jdbc.core.JdbcTemplate - Executing prepared SQL update
14:51:58.775 [main] DEBUG o.s.jdbc.core.JdbcTemplate - Executing prepared SQL statement [INSERT INTO enrollments (student_id,course_id) VALUES (?,?)]
14:51:58.775 [main] DEBUG o.s.jdbc.datasource.DataSourceUtils - Fetching JDBC Connection from DataSource
14:51:58.775 [main] DEBUG o.s.jdbc.core.JdbcTemplate - Executing prepared SQL update
14:51:58.775 [main] DEBUG o.s.jdbc.core.JdbcTemplate - Executing prepared SQL statement [INSERT INTO enrollments (student_id,course_id) VALUES (?,?)]
14:51:58.775 [main] DEBUG o.s.jdbc.datasource.DataSourceUtils - Fetching JDBC Connection from DataSource
14:51:58.775 [main] DEBUG o.s.jdbc.core.JdbcTemplate - Executing prepared SQL update
14:51:58.775 [main] DEBUG o.s.jdbc.core.JdbcTemplate - Executing prepared SQL statement [INSERT INTO enrollments (student_id,course_id) VALUES (?,?)]
14:51:58.775 [main] DEBUG o.s.jdbc.datasource.DataSourceUtils - Fetching JDBC Connection from DataSource
14:51:58.775 [main] DEBUG o.s.jdbc.core.JdbcTemplate - Executing prepared SQL update
14:51:58.777 [main] DEBUG o.s.jdbc.core.JdbcTemplate - Executing prepared SQL statement [INSERT INTO enrollments (student_id,course_id) VALUES (?,?)]
14:51:58.777 [main] DEBUG o.s.jdbc.datasource.DataSourceUtils - Fetching JDBC Connection from DataSource
14:51:58.777 [main] DEBUG o.s.jdbc.core.JdbcTemplate - Executing prepared SQL update
14:51:58.777 [main] DEBUG o.s.jdbc.core.JdbcTemplate - Executing prepared SQL statement [INSERT INTO enrollments (student_id,course_id) VALUES (?,?)]
14:51:58.777 [main] DEBUG o.s.jdbc.datasource.DataSourceUtils - Fetching JDBC Connection from DataSource
14:51:58.777 [main] DEBUG o.s.jdbc.core.JdbcTemplate - Executing prepared SQL update
14:51:58.777 [main] DEBUG o.s.jdbc.core.JdbcTemplate - Executing prepared SQL statement [INSERT INTO enrollments (student_id,course_id) VALUES (?,?)]
14:51:58.777 [main] DEBUG o.s.jdbc.datasource.DataSourceUtils - Fetching JDBC Connection from DataSource
14:51:58.777 [main] DEBUG o.s.jdbc.core.JdbcTemplate - Executing prepared SQL update
14:51:58.778 [main] DEBUG o.s.jdbc.core.JdbcTemplate - Executing prepared SQL statement [INSERT INTO enrollments (student_id,course_id) VALUES (?,?)]
14:51:58.778 [main] DEBUG o.s.jdbc.datasource.DataSourceUtils - Fetching JDBC Connection from DataSource
14:51:58.778 [main] DEBUG o.s.jdbc.core.JdbcTemplate - Executing prepared SQL update
14:51:58.778 [main] DEBUG o.s.jdbc.core.JdbcTemplate - Executing prepared SQL statement [INSERT INTO enrollments (student_id,course_id) VALUES (?,?)]
14:51:58.778 [main] DEBUG o.s.jdbc.datasource.DataSourceUtils - Fetching JDBC Connection from DataSource
14:51:58.778 [main] DEBUG o.s.jdbc.core.JdbcTemplate - Executing prepared SQL update
14:51:58.778 [main] DEBUG o.s.jdbc.core.JdbcTemplate - Executing prepared SQL statement [INSERT INTO enrollments (student_id,course_id) VALUES (?,?)]
14:51:58.778 [main] DEBUG o.s.jdbc.datasource.DataSourceUtils - Fetching JDBC Connection from DataSource
14:51:58.778 [main] DEBUG o.s.jdbc.core.JdbcTemplate - Executing prepared SQL update
14:51:58.778 [main] DEBUG o.s.jdbc.core.JdbcTemplate - Executing prepared SQL statement [INSERT INTO enrollments (student_id,course_id) VALUES (?,?)]
14:51:58.778 [main] DEBUG o.s.jdbc.datasource.DataSourceUtils - Fetching JDBC Connection from DataSource
14:51:58.779 [main] DEBUG o.s.jdbc.core.JdbcTemplate - Executing prepared SQL update
14:51:58.779 [main] DEBUG o.s.jdbc.core.JdbcTemplate - Executing prepared SQL statement [INSERT INTO enrollments (student_id,course_id) VALUES (?,?)]
14:51:58.779 [main] DEBUG o.s.jdbc.datasource.DataSourceUtils - Fetching JDBC Connection from DataSource
14:51:58.779 [main] DEBUG o.s.jdbc.core.JdbcTemplate - Executing prepared SQL update
14:51:58.779 [main] DEBUG o.s.jdbc.core.JdbcTemplate - Executing prepared SQL statement [INSERT INTO enrollments (student_id,course_id) VALUES (?,?)]
14:51:58.779 [main] DEBUG o.s.jdbc.datasource.DataSourceUtils - Fetching JDBC Connection from DataSource
14:51:58.779 [main] DEBUG o.s.jdbc.core.JdbcTemplate - Executing prepared SQL update
14:51:58.779 [main] DEBUG o.s.jdbc.core.JdbcTemplate - Executing prepared SQL statement [INSERT INTO enrollments (student_id,course_id) VALUES (?,?)]
14:51:58.779 [main] DEBUG o.s.jdbc.datasource.DataSourceUtils - Fetching JDBC Connection from DataSource
14:51:58.780 [main] DEBUG o.s.jdbc.core.JdbcTemplate - Executing prepared SQL update
14:51:58.780 [main] DEBUG o.s.jdbc.core.JdbcTemplate - Executing prepared SQL statement [INSERT INTO enrollments (student_id,course_id) VALUES (?,?)]
14:51:58.780 [main] DEBUG o.s.jdbc.datasource.DataSourceUtils - Fetching JDBC Connection from DataSource
14:51:58.780 [main] DEBUG o.s.jdbc.core.JdbcTemplate - Executing prepared SQL update
14:51:58.780 [main] DEBUG o.s.jdbc.core.JdbcTemplate - Executing prepared SQL statement [INSERT INTO enrollments (student_id,course_id) VALUES (?,?)]
14:51:58.780 [main] DEBUG o.s.jdbc.datasource.DataSourceUtils - Fetching JDBC Connection from DataSource
14:51:58.780 [main] DEBUG o.s.jdbc.core.JdbcTemplate - Executing prepared SQL update
14:51:58.780 [main] DEBUG o.s.jdbc.core.JdbcTemplate - Executing prepared SQL statement [INSERT INTO enrollments (student_id,course_id) VALUES (?,?)]
14:51:58.780 [main] DEBUG o.s.jdbc.datasource.DataSourceUtils - Fetching JDBC Connection from DataSource
14:51:58.780 [main] DEBUG o.s.jdbc.core.JdbcTemplate - Executing prepared SQL update
14:51:58.780 [main] DEBUG o.s.jdbc.core.JdbcTemplate - Executing prepared SQL statement [INSERT INTO enrollments (student_id,course_id) VALUES (?,?)]
14:51:58.780 [main] DEBUG o.s.jdbc.datasource.DataSourceUtils - Fetching JDBC Connection from DataSource
14:51:58.781 [main] DEBUG o.s.jdbc.core.JdbcTemplate - Executing prepared SQL update
14:51:58.781 [main] DEBUG o.s.jdbc.core.JdbcTemplate - Executing prepared SQL statement [INSERT INTO enrollments (student_id,course_id) VALUES (?,?)]
14:51:58.781 [main] DEBUG o.s.jdbc.datasource.DataSourceUtils - Fetching JDBC Connection from DataSource
14:51:58.781 [main] DEBUG o.s.jdbc.core.JdbcTemplate - Executing prepared SQL update
14:51:58.781 [main] DEBUG o.s.jdbc.core.JdbcTemplate - Executing prepared SQL statement [INSERT INTO enrollments (student_id,course_id) VALUES (?,?)]
14:51:58.781 [main] DEBUG o.s.jdbc.datasource.DataSourceUtils - Fetching JDBC Connection from DataSource
14:51:58.781 [main] DEBUG o.s.jdbc.core.JdbcTemplate - Executing prepared SQL update
14:51:58.781 [main] DEBUG o.s.jdbc.core.JdbcTemplate - Executing prepared SQL statement [INSERT INTO enrollments (student_id,course_id) VALUES (?,?)]
14:51:58.781 [main] DEBUG o.s.jdbc.datasource.DataSourceUtils - Fetching JDBC Connection from DataSource
14:51:58.782 [main] DEBUG o.s.jdbc.core.JdbcTemplate - Executing prepared SQL update
14:51:58.782 [main] DEBUG o.s.jdbc.core.JdbcTemplate - Executing prepared SQL statement [INSERT INTO enrollments (student_id,course_id) VALUES (?,?)]
14:51:58.782 [main] DEBUG o.s.jdbc.datasource.DataSourceUtils - Fetching JDBC Connection from DataSource
14:51:58.782 [main] DEBUG o.s.jdbc.core.JdbcTemplate - Executing prepared SQL update
14:51:58.782 [main] DEBUG o.s.jdbc.core.JdbcTemplate - Executing prepared SQL statement [INSERT INTO enrollments (student_id,course_id) VALUES (?,?)]
14:51:58.782 [main] DEBUG o.s.jdbc.datasource.DataSourceUtils - Fetching JDBC Connection from DataSource
14:51:58.782 [main] DEBUG o.s.jdbc.core.JdbcTemplate - Executing prepared SQL update
14:51:58.782 [main] DEBUG o.s.jdbc.core.JdbcTemplate - Executing prepared SQL statement [INSERT INTO enrollments (student_id,course_id) VALUES (?,?)]
14:51:58.782 [main] DEBUG o.s.jdbc.datasource.DataSourceUtils - Fetching JDBC Connection from DataSource
14:51:58.782 [main] DEBUG o.s.jdbc.core.JdbcTemplate - Executing prepared SQL update
14:51:58.782 [main] DEBUG o.s.jdbc.core.JdbcTemplate - Executing prepared SQL statement [INSERT INTO enrollments (student_id,course_id) VALUES (?,?)]
14:51:58.782 [main] DEBUG o.s.jdbc.datasource.DataSourceUtils - Fetching JDBC Connection from DataSource
14:51:58.783 [main] DEBUG o.s.jdbc.core.JdbcTemplate - Executing prepared SQL update
14:51:58.783 [main] DEBUG o.s.jdbc.core.JdbcTemplate - Executing prepared SQL statement [INSERT INTO enrollments (student_id,course_id) VALUES (?,?)]
14:51:58.783 [main] DEBUG o.s.jdbc.datasource.DataSourceUtils - Fetching JDBC Connection from DataSource
14:51:58.783 [main] DEBUG o.s.jdbc.core.JdbcTemplate - Executing prepared SQL update
14:51:58.783 [main] DEBUG o.s.jdbc.core.JdbcTemplate - Executing prepared SQL statement [INSERT INTO enrollments (student_id,course_id) VALUES (?,?)]
14:51:58.783 [main] DEBUG o.s.jdbc.datasource.DataSourceUtils - Fetching JDBC Connection from DataSource
14:51:58.783 [main] DEBUG o.s.jdbc.core.JdbcTemplate - Executing prepared SQL update
14:51:58.783 [main] DEBUG o.s.jdbc.core.JdbcTemplate - Executing prepared SQL statement [INSERT INTO enrollments (student_id,course_id) VALUES (?,?)]
14:51:58.783 [main] DEBUG o.s.jdbc.datasource.DataSourceUtils - Fetching JDBC Connection from DataSource
14:51:58.784 [main] DEBUG o.s.jdbc.core.JdbcTemplate - Executing prepared SQL update
14:51:58.784 [main] DEBUG o.s.jdbc.core.JdbcTemplate - Executing prepared SQL statement [INSERT INTO enrollments (student_id,course_id) VALUES (?,?)]
14:51:58.784 [main] DEBUG o.s.jdbc.datasource.DataSourceUtils - Fetching JDBC Connection from DataSource
14:51:58.784 [main] DEBUG o.s.jdbc.core.JdbcTemplate - Executing prepared SQL update
14:51:58.784 [main] DEBUG o.s.jdbc.core.JdbcTemplate - Executing prepared SQL statement [INSERT INTO enrollments (student_id,course_id) VALUES (?,?)]
14:51:58.784 [main] DEBUG o.s.jdbc.datasource.DataSourceUtils - Fetching JDBC Connection from DataSource
14:51:58.784 [main] DEBUG o.s.jdbc.core.JdbcTemplate - Executing prepared SQL update
14:51:58.784 [main] DEBUG o.s.jdbc.core.JdbcTemplate - Executing prepared SQL statement [INSERT INTO enrollments (student_id,course_id) VALUES (?,?)]
14:51:58.784 [main] DEBUG o.s.jdbc.datasource.DataSourceUtils - Fetching JDBC Connection from DataSource
14:51:58.785 [main] DEBUG o.s.jdbc.core.JdbcTemplate - Executing prepared SQL update
14:51:58.785 [main] DEBUG o.s.jdbc.core.JdbcTemplate - Executing prepared SQL statement [INSERT INTO enrollments (student_id,course_id) VALUES (?,?)]
14:51:58.785 [main] DEBUG o.s.jdbc.datasource.DataSourceUtils - Fetching JDBC Connection from DataSource
14:51:58.785 [main] DEBUG o.s.jdbc.core.JdbcTemplate - Executing prepared SQL update
14:51:58.785 [main] DEBUG o.s.jdbc.core.JdbcTemplate - Executing prepared SQL statement [INSERT INTO enrollments (student_id,course_id) VALUES (?,?)]
14:51:58.785 [main] DEBUG o.s.jdbc.datasource.DataSourceUtils - Fetching JDBC Connection from DataSource
14:51:58.785 [main] DEBUG o.s.jdbc.core.JdbcTemplate - Executing prepared SQL update
14:51:58.785 [main] DEBUG o.s.jdbc.core.JdbcTemplate - Executing prepared SQL statement [INSERT INTO enrollments (student_id,course_id) VALUES (?,?)]
14:51:58.785 [main] DEBUG o.s.jdbc.datasource.DataSourceUtils - Fetching JDBC Connection from DataSource
14:51:58.786 [main] DEBUG o.s.jdbc.core.JdbcTemplate - Executing prepared SQL update
14:51:58.786 [main] DEBUG o.s.jdbc.core.JdbcTemplate - Executing prepared SQL statement [INSERT INTO enrollments (student_id,course_id) VALUES (?,?)]
14:51:58.786 [main] DEBUG o.s.jdbc.datasource.DataSourceUtils - Fetching JDBC Connection from DataSource
14:51:58.786 [main] DEBUG o.s.jdbc.core.JdbcTemplate - Executing prepared SQL update
14:51:58.786 [main] DEBUG o.s.jdbc.core.JdbcTemplate - Executing prepared SQL statement [INSERT INTO enrollments (student_id,course_id) VALUES (?,?)]
14:51:58.786 [main] DEBUG o.s.jdbc.datasource.DataSourceUtils - Fetching JDBC Connection from DataSource
14:51:58.786 [main] DEBUG o.s.jdbc.core.JdbcTemplate - Executing prepared SQL update
14:51:58.786 [main] DEBUG o.s.jdbc.core.JdbcTemplate - Executing prepared SQL statement [INSERT INTO enrollments (student_id,course_id) VALUES (?,?)]
14:51:58.786 [main] DEBUG o.s.jdbc.datasource.DataSourceUtils - Fetching JDBC Connection from DataSource
14:51:58.786 [main] DEBUG o.s.jdbc.core.JdbcTemplate - Executing prepared SQL update
14:51:58.786 [main] DEBUG o.s.jdbc.core.JdbcTemplate - Executing prepared SQL statement [INSERT INTO enrollments (student_id,course_id) VALUES (?,?)]
14:51:58.786 [main] DEBUG o.s.jdbc.datasource.DataSourceUtils - Fetching JDBC Connection from DataSource
14:51:58.787 [main] DEBUG o.s.jdbc.core.JdbcTemplate - Executing prepared SQL update
14:51:58.787 [main] DEBUG o.s.jdbc.core.JdbcTemplate - Executing prepared SQL statement [INSERT INTO enrollments (student_id,course_id) VALUES (?,?)]
14:51:58.787 [main] DEBUG o.s.jdbc.datasource.DataSourceUtils - Fetching JDBC Connection from DataSource
14:51:58.787 [main] DEBUG o.s.jdbc.core.JdbcTemplate - Executing prepared SQL update
14:51:58.787 [main] DEBUG o.s.jdbc.core.JdbcTemplate - Executing prepared SQL statement [INSERT INTO enrollments (student_id,course_id) VALUES (?,?)]
14:51:58.787 [main] DEBUG o.s.jdbc.datasource.DataSourceUtils - Fetching JDBC Connection from DataSource
14:51:58.787 [main] DEBUG o.s.jdbc.core.JdbcTemplate - Executing prepared SQL update
14:51:58.787 [main] DEBUG o.s.jdbc.core.JdbcTemplate - Executing prepared SQL statement [INSERT INTO enrollments (student_id,course_id) VALUES (?,?)]
14:51:58.787 [main] DEBUG o.s.jdbc.datasource.DataSourceUtils - Fetching JDBC Connection from DataSource
14:51:58.787 [main] DEBUG o.s.jdbc.core.JdbcTemplate - Executing prepared SQL update
14:51:58.787 [main] DEBUG o.s.jdbc.core.JdbcTemplate - Executing prepared SQL statement [INSERT INTO enrollments (student_id,course_id) VALUES (?,?)]
14:51:58.787 [main] DEBUG o.s.jdbc.datasource.DataSourceUtils - Fetching JDBC Connection from DataSource
14:51:58.788 [main] DEBUG o.s.jdbc.core.JdbcTemplate - Executing prepared SQL update
14:51:58.788 [main] DEBUG o.s.jdbc.core.JdbcTemplate - Executing prepared SQL statement [INSERT INTO enrollments (student_id,course_id) VALUES (?,?)]
14:51:58.788 [main] DEBUG o.s.jdbc.datasource.DataSourceUtils - Fetching JDBC Connection from DataSource
14:51:58.788 [main] DEBUG o.s.jdbc.core.JdbcTemplate - Executing prepared SQL update
14:51:58.788 [main] DEBUG o.s.jdbc.core.JdbcTemplate - Executing prepared SQL statement [INSERT INTO enrollments (student_id,course_id) VALUES (?,?)]
14:51:58.788 [main] DEBUG o.s.jdbc.datasource.DataSourceUtils - Fetching JDBC Connection from DataSource
14:51:58.788 [main] DEBUG o.s.jdbc.core.JdbcTemplate - Executing prepared SQL update
14:51:58.788 [main] DEBUG o.s.jdbc.core.JdbcTemplate - Executing prepared SQL statement [INSERT INTO enrollments (student_id,course_id) VALUES (?,?)]
14:51:58.788 [main] DEBUG o.s.jdbc.datasource.DataSourceUtils - Fetching JDBC Connection from DataSource
14:51:58.788 [main] DEBUG o.s.jdbc.core.JdbcTemplate - Executing prepared SQL update
14:51:58.788 [main] DEBUG o.s.jdbc.core.JdbcTemplate - Executing prepared SQL statement [INSERT INTO enrollments (student_id,course_id) VALUES (?,?)]
14:51:58.788 [main] DEBUG o.s.jdbc.datasource.DataSourceUtils - Fetching JDBC Connection from DataSource
14:51:58.789 [main] DEBUG o.s.jdbc.core.JdbcTemplate - Executing prepared SQL update
14:51:58.789 [main] DEBUG o.s.jdbc.core.JdbcTemplate - Executing prepared SQL statement [INSERT INTO enrollments (student_id,course_id) VALUES (?,?)]
14:51:58.789 [main] DEBUG o.s.jdbc.datasource.DataSourceUtils - Fetching JDBC Connection from DataSource
14:51:58.789 [main] DEBUG o.s.jdbc.core.JdbcTemplate - Executing prepared SQL update
14:51:58.789 [main] DEBUG o.s.jdbc.core.JdbcTemplate - Executing prepared SQL statement [INSERT INTO enrollments (student_id,course_id) VALUES (?,?)]
14:51:58.789 [main] DEBUG o.s.jdbc.datasource.DataSourceUtils - Fetching JDBC Connection from DataSource
14:51:58.789 [main] DEBUG o.s.jdbc.core.JdbcTemplate - Executing prepared SQL update
14:51:58.789 [main] DEBUG o.s.jdbc.core.JdbcTemplate - Executing prepared SQL statement [INSERT INTO enrollments (student_id,course_id) VALUES (?,?)]
14:51:58.789 [main] DEBUG o.s.jdbc.datasource.DataSourceUtils - Fetching JDBC Connection from DataSource
14:51:58.789 [main] DEBUG o.s.jdbc.core.JdbcTemplate - Executing prepared SQL update
14:51:58.789 [main] DEBUG o.s.jdbc.core.JdbcTemplate - Executing prepared SQL statement [INSERT INTO enrollments (student_id,course_id) VALUES (?,?)]
14:51:58.789 [main] DEBUG o.s.jdbc.datasource.DataSourceUtils - Fetching JDBC Connection from DataSource
14:51:58.790 [main] DEBUG o.s.jdbc.core.JdbcTemplate - Executing prepared SQL update
14:51:58.790 [main] DEBUG o.s.jdbc.core.JdbcTemplate - Executing prepared SQL statement [INSERT INTO enrollments (student_id,course_id) VALUES (?,?)]
14:51:58.790 [main] DEBUG o.s.jdbc.datasource.DataSourceUtils - Fetching JDBC Connection from DataSource
14:51:58.790 [main] DEBUG o.s.jdbc.core.JdbcTemplate - Executing prepared SQL update
14:51:58.790 [main] DEBUG o.s.jdbc.core.JdbcTemplate - Executing prepared SQL statement [INSERT INTO enrollments (student_id,course_id) VALUES (?,?)]
14:51:58.790 [main] DEBUG o.s.jdbc.datasource.DataSourceUtils - Fetching JDBC Connection from DataSource
14:51:58.790 [main] DEBUG o.s.jdbc.core.JdbcTemplate - Executing prepared SQL update
14:51:58.790 [main] DEBUG o.s.jdbc.core.JdbcTemplate - Executing prepared SQL statement [INSERT INTO enrollments (student_id,course_id) VALUES (?,?)]
14:51:58.790 [main] DEBUG o.s.jdbc.datasource.DataSourceUtils - Fetching JDBC Connection from DataSource
14:51:58.790 [main] DEBUG o.s.jdbc.core.JdbcTemplate - Executing prepared SQL update
14:51:58.790 [main] DEBUG o.s.jdbc.core.JdbcTemplate - Executing prepared SQL statement [INSERT INTO enrollments (student_id,course_id) VALUES (?,?)]
14:51:58.790 [main] DEBUG o.s.jdbc.datasource.DataSourceUtils - Fetching JDBC Connection from DataSource
14:51:58.791 [main] DEBUG o.s.jdbc.core.JdbcTemplate - Executing prepared SQL update
14:51:58.791 [main] DEBUG o.s.jdbc.core.JdbcTemplate - Executing prepared SQL statement [INSERT INTO enrollments (student_id,course_id) VALUES (?,?)]
14:51:58.791 [main] DEBUG o.s.jdbc.datasource.DataSourceUtils - Fetching JDBC Connection from DataSource
14:51:58.791 [main] DEBUG o.s.jdbc.core.JdbcTemplate - Executing prepared SQL update
14:51:58.791 [main] DEBUG o.s.jdbc.core.JdbcTemplate - Executing prepared SQL statement [INSERT INTO enrollments (student_id,course_id) VALUES (?,?)]
14:51:58.791 [main] DEBUG o.s.jdbc.datasource.DataSourceUtils - Fetching JDBC Connection from DataSource
14:51:58.791 [main] DEBUG o.s.jdbc.core.JdbcTemplate - Executing prepared SQL update
14:51:58.791 [main] DEBUG o.s.jdbc.core.JdbcTemplate - Executing prepared SQL statement [INSERT INTO enrollments (student_id,course_id) VALUES (?,?)]
14:51:58.791 [main] DEBUG o.s.jdbc.datasource.DataSourceUtils - Fetching JDBC Connection from DataSource
14:51:58.791 [main] DEBUG o.s.jdbc.core.JdbcTemplate - Executing prepared SQL update
14:51:58.791 [main] DEBUG o.s.jdbc.core.JdbcTemplate - Executing prepared SQL statement [INSERT INTO enrollments (student_id,course_id) VALUES (?,?)]
14:51:58.791 [main] DEBUG o.s.jdbc.datasource.DataSourceUtils - Fetching JDBC Connection from DataSource
14:51:58.792 [main] DEBUG o.s.jdbc.core.JdbcTemplate - Executing prepared SQL update
14:51:58.792 [main] DEBUG o.s.jdbc.core.JdbcTemplate - Executing prepared SQL statement [INSERT INTO enrollments (student_id,course_id) VALUES (?,?)]
14:51:58.792 [main] DEBUG o.s.jdbc.datasource.DataSourceUtils - Fetching JDBC Connection from DataSource
14:51:58.792 [main] DEBUG o.s.jdbc.core.JdbcTemplate - Executing prepared SQL update
14:51:58.792 [main] DEBUG o.s.jdbc.core.JdbcTemplate - Executing prepared SQL statement [INSERT INTO enrollments (student_id,course_id) VALUES (?,?)]
14:51:58.792 [main] DEBUG o.s.jdbc.datasource.DataSourceUtils - Fetching JDBC Connection from DataSource
14:51:58.792 [main] DEBUG o.s.jdbc.core.JdbcTemplate - Executing prepared SQL update
14:51:58.792 [main] DEBUG o.s.jdbc.core.JdbcTemplate - Executing prepared SQL statement [INSERT INTO enrollments (student_id,course_id) VALUES (?,?)]
14:51:58.792 [main] DEBUG o.s.jdbc.datasource.DataSourceUtils - Fetching JDBC Connection from DataSource
14:51:58.793 [main] DEBUG o.s.jdbc.core.JdbcTemplate - Executing prepared SQL update
14:51:58.793 [main] DEBUG o.s.jdbc.core.JdbcTemplate - Executing prepared SQL statement [INSERT INTO enrollments (student_id,course_id) VALUES (?,?)]
14:51:58.793 [main] DEBUG o.s.jdbc.datasource.DataSourceUtils - Fetching JDBC Connection from DataSource
14:51:58.793 [main] DEBUG o.s.jdbc.core.JdbcTemplate - Executing prepared SQL update
14:51:58.793 [main] DEBUG o.s.jdbc.core.JdbcTemplate - Executing prepared SQL statement [INSERT INTO enrollments (student_id,course_id) VALUES (?,?)]
14:51:58.793 [main] DEBUG o.s.jdbc.datasource.DataSourceUtils - Fetching JDBC Connection from DataSource
14:51:58.793 [main] DEBUG o.s.jdbc.core.JdbcTemplate - Executing prepared SQL update
14:51:58.793 [main] DEBUG o.s.jdbc.core.JdbcTemplate - Executing prepared SQL statement [INSERT INTO enrollments (student_id,course_id) VALUES (?,?)]
14:51:58.793 [main] DEBUG o.s.jdbc.datasource.DataSourceUtils - Fetching JDBC Connection from DataSource
14:51:58.794 [main] DEBUG o.s.jdbc.core.JdbcTemplate - Executing prepared SQL update
14:51:58.794 [main] DEBUG o.s.jdbc.core.JdbcTemplate - Executing prepared SQL statement [INSERT INTO enrollments (student_id,course_id) VALUES (?,?)]
14:51:58.794 [main] DEBUG o.s.jdbc.datasource.DataSourceUtils - Fetching JDBC Connection from DataSource
14:51:58.794 [main] DEBUG o.s.jdbc.core.JdbcTemplate - Executing prepared SQL update
14:51:58.794 [main] DEBUG o.s.jdbc.core.JdbcTemplate - Executing prepared SQL statement [INSERT INTO enrollments (student_id,course_id) VALUES (?,?)]
14:51:58.794 [main] DEBUG o.s.jdbc.datasource.DataSourceUtils - Fetching JDBC Connection from DataSource
14:51:58.794 [main] DEBUG o.s.jdbc.core.JdbcTemplate - Executing prepared SQL update
14:51:58.794 [main] DEBUG o.s.jdbc.core.JdbcTemplate - Executing prepared SQL statement [INSERT INTO enrollments (student_id,course_id) VALUES (?,?)]
14:51:58.794 [main] DEBUG o.s.jdbc.datasource.DataSourceUtils - Fetching JDBC Connection from DataSource
14:51:58.795 [main] DEBUG o.s.jdbc.core.JdbcTemplate - Executing prepared SQL update
14:51:58.795 [main] DEBUG o.s.jdbc.core.JdbcTemplate - Executing prepared SQL statement [INSERT INTO enrollments (student_id,course_id) VALUES (?,?)]
14:51:58.795 [main] DEBUG o.s.jdbc.datasource.DataSourceUtils - Fetching JDBC Connection from DataSource
14:51:58.795 [main] DEBUG o.s.jdbc.core.JdbcTemplate - Executing prepared SQL update
14:51:58.795 [main] DEBUG o.s.jdbc.core.JdbcTemplate - Executing prepared SQL statement [INSERT INTO enrollments (student_id,course_id) VALUES (?,?)]
14:51:58.795 [main] DEBUG o.s.jdbc.datasource.DataSourceUtils - Fetching JDBC Connection from DataSource
14:51:58.795 [main] DEBUG o.s.jdbc.core.JdbcTemplate - Executing prepared SQL update
14:51:58.795 [main] DEBUG o.s.jdbc.core.JdbcTemplate - Executing prepared SQL statement [INSERT INTO enrollments (student_id,course_id) VALUES (?,?)]
14:51:58.795 [main] DEBUG o.s.jdbc.datasource.DataSourceUtils - Fetching JDBC Connection from DataSource
14:51:58.795 [main] DEBUG o.s.jdbc.core.JdbcTemplate - Executing prepared SQL update
14:51:58.795 [main] DEBUG o.s.jdbc.core.JdbcTemplate - Executing prepared SQL statement [INSERT INTO enrollments (student_id,course_id) VALUES (?,?)]
14:51:58.795 [main] DEBUG o.s.jdbc.datasource.DataSourceUtils - Fetching JDBC Connection from DataSource
14:51:58.795 [main] DEBUG o.s.jdbc.core.JdbcTemplate - Executing prepared SQL update
14:51:58.795 [main] DEBUG o.s.jdbc.core.JdbcTemplate - Executing prepared SQL statement [INSERT INTO enrollments (student_id,course_id) VALUES (?,?)]
14:51:58.795 [main] DEBUG o.s.jdbc.datasource.DataSourceUtils - Fetching JDBC Connection from DataSource
14:51:58.795 [main] DEBUG o.s.jdbc.core.JdbcTemplate - Executing prepared SQL update
14:51:58.795 [main] DEBUG o.s.jdbc.core.JdbcTemplate - Executing prepared SQL statement [INSERT INTO enrollments (student_id,course_id) VALUES (?,?)]
14:51:58.795 [main] DEBUG o.s.jdbc.datasource.DataSourceUtils - Fetching JDBC Connection from DataSource
14:51:58.797 [main] DEBUG o.s.jdbc.core.JdbcTemplate - Executing prepared SQL update
14:51:58.797 [main] DEBUG o.s.jdbc.core.JdbcTemplate - Executing prepared SQL statement [INSERT INTO enrollments (student_id,course_id) VALUES (?,?)]
14:51:58.797 [main] DEBUG o.s.jdbc.datasource.DataSourceUtils - Fetching JDBC Connection from DataSource
14:51:58.797 [HikariPool-1 connection adder] DEBUG com.zaxxer.hikari.pool.HikariPool - HikariPool-1 - Added connection org.postgresql.jdbc.PgConnection@f5d5c3
14:51:58.797 [main] DEBUG o.s.jdbc.core.JdbcTemplate - Executing prepared SQL update
14:51:58.797 [main] DEBUG o.s.jdbc.core.JdbcTemplate - Executing prepared SQL statement [INSERT INTO enrollments (student_id,course_id) VALUES (?,?)]
14:51:58.797 [main] DEBUG o.s.jdbc.datasource.DataSourceUtils - Fetching JDBC Connection from DataSource
14:51:58.797 [main] DEBUG o.s.jdbc.core.JdbcTemplate - Executing prepared SQL update
14:51:58.797 [main] DEBUG o.s.jdbc.core.JdbcTemplate - Executing prepared SQL statement [INSERT INTO enrollments (student_id,course_id) VALUES (?,?)]
14:51:58.797 [main] DEBUG o.s.jdbc.datasource.DataSourceUtils - Fetching JDBC Connection from DataSource
14:51:58.798 [main] DEBUG o.s.jdbc.core.JdbcTemplate - Executing prepared SQL update
14:51:58.798 [main] DEBUG o.s.jdbc.core.JdbcTemplate - Executing prepared SQL statement [INSERT INTO enrollments (student_id,course_id) VALUES (?,?)]
14:51:58.798 [main] DEBUG o.s.jdbc.datasource.DataSourceUtils - Fetching JDBC Connection from DataSource
14:51:58.798 [main] DEBUG o.s.jdbc.core.JdbcTemplate - Executing prepared SQL update
14:51:58.798 [main] DEBUG o.s.jdbc.core.JdbcTemplate - Executing prepared SQL statement [INSERT INTO enrollments (student_id,course_id) VALUES (?,?)]
14:51:58.798 [main] DEBUG o.s.jdbc.datasource.DataSourceUtils - Fetching JDBC Connection from DataSource
14:51:58.798 [main] DEBUG o.s.jdbc.core.JdbcTemplate - Executing prepared SQL update
14:51:58.798 [main] DEBUG o.s.jdbc.core.JdbcTemplate - Executing prepared SQL statement [INSERT INTO enrollments (student_id,course_id) VALUES (?,?)]
14:51:58.798 [main] DEBUG o.s.jdbc.datasource.DataSourceUtils - Fetching JDBC Connection from DataSource
14:51:58.798 [main] DEBUG o.s.jdbc.core.JdbcTemplate - Executing prepared SQL update
14:51:58.799 [main] DEBUG o.s.jdbc.core.JdbcTemplate - Executing prepared SQL statement [INSERT INTO enrollments (student_id,course_id) VALUES (?,?)]
14:51:58.799 [main] DEBUG o.s.jdbc.datasource.DataSourceUtils - Fetching JDBC Connection from DataSource
14:51:58.799 [main] DEBUG o.s.jdbc.core.JdbcTemplate - Executing prepared SQL update
14:51:58.799 [main] DEBUG o.s.jdbc.core.JdbcTemplate - Executing prepared SQL statement [INSERT INTO enrollments (student_id,course_id) VALUES (?,?)]
14:51:58.799 [main] DEBUG o.s.jdbc.datasource.DataSourceUtils - Fetching JDBC Connection from DataSource
14:51:58.799 [main] DEBUG o.s.jdbc.core.JdbcTemplate - Executing prepared SQL update
14:51:58.799 [main] DEBUG o.s.jdbc.core.JdbcTemplate - Executing prepared SQL statement [INSERT INTO enrollments (student_id,course_id) VALUES (?,?)]
14:51:58.799 [main] DEBUG o.s.jdbc.datasource.DataSourceUtils - Fetching JDBC Connection from DataSource
14:51:58.799 [main] DEBUG o.s.jdbc.core.JdbcTemplate - Executing prepared SQL update
14:51:58.799 [main] DEBUG o.s.jdbc.core.JdbcTemplate - Executing prepared SQL statement [INSERT INTO enrollments (student_id,course_id) VALUES (?,?)]
14:51:58.799 [main] DEBUG o.s.jdbc.datasource.DataSourceUtils - Fetching JDBC Connection from DataSource
14:51:58.799 [main] DEBUG o.s.jdbc.core.JdbcTemplate - Executing prepared SQL update
14:51:58.799 [main] DEBUG o.s.jdbc.core.JdbcTemplate - Executing prepared SQL statement [INSERT INTO enrollments (student_id,course_id) VALUES (?,?)]
14:51:58.799 [main] DEBUG o.s.jdbc.datasource.DataSourceUtils - Fetching JDBC Connection from DataSource
14:51:58.800 [main] DEBUG o.s.jdbc.core.JdbcTemplate - Executing prepared SQL update
14:51:58.800 [main] DEBUG o.s.jdbc.core.JdbcTemplate - Executing prepared SQL statement [INSERT INTO enrollments (student_id,course_id) VALUES (?,?)]
14:51:58.800 [main] DEBUG o.s.jdbc.datasource.DataSourceUtils - Fetching JDBC Connection from DataSource
14:51:58.800 [main] DEBUG o.s.jdbc.core.JdbcTemplate - Executing prepared SQL update
14:51:58.800 [main] DEBUG o.s.jdbc.core.JdbcTemplate - Executing prepared SQL statement [INSERT INTO enrollments (student_id,course_id) VALUES (?,?)]
14:51:58.800 [main] DEBUG o.s.jdbc.datasource.DataSourceUtils - Fetching JDBC Connection from DataSource
14:51:58.800 [main] DEBUG o.s.jdbc.core.JdbcTemplate - Executing prepared SQL update
14:51:58.800 [main] DEBUG o.s.jdbc.core.JdbcTemplate - Executing prepared SQL statement [INSERT INTO enrollments (student_id,course_id) VALUES (?,?)]
14:51:58.800 [main] DEBUG o.s.jdbc.datasource.DataSourceUtils - Fetching JDBC Connection from DataSource
14:51:58.801 [main] DEBUG o.s.jdbc.core.JdbcTemplate - Executing prepared SQL update
14:51:58.801 [main] DEBUG o.s.jdbc.core.JdbcTemplate - Executing prepared SQL statement [INSERT INTO enrollments (student_id,course_id) VALUES (?,?)]
14:51:58.801 [main] DEBUG o.s.jdbc.datasource.DataSourceUtils - Fetching JDBC Connection from DataSource
14:51:58.801 [main] DEBUG o.s.jdbc.core.JdbcTemplate - Executing prepared SQL update
14:51:58.801 [main] DEBUG o.s.jdbc.core.JdbcTemplate - Executing prepared SQL statement [INSERT INTO enrollments (student_id,course_id) VALUES (?,?)]
14:51:58.801 [main] DEBUG o.s.jdbc.datasource.DataSourceUtils - Fetching JDBC Connection from DataSource
14:51:58.802 [main] DEBUG o.s.jdbc.core.JdbcTemplate - Executing prepared SQL update
14:51:58.802 [main] DEBUG o.s.jdbc.core.JdbcTemplate - Executing prepared SQL statement [INSERT INTO enrollments (student_id,course_id) VALUES (?,?)]
14:51:58.802 [main] DEBUG o.s.jdbc.datasource.DataSourceUtils - Fetching JDBC Connection from DataSource
14:51:58.802 [main] DEBUG o.s.jdbc.core.JdbcTemplate - Executing prepared SQL update
14:51:58.802 [main] DEBUG o.s.jdbc.core.JdbcTemplate - Executing prepared SQL statement [INSERT INTO enrollments (student_id,course_id) VALUES (?,?)]
14:51:58.802 [main] DEBUG o.s.jdbc.datasource.DataSourceUtils - Fetching JDBC Connection from DataSource
14:51:58.802 [main] DEBUG o.s.jdbc.core.JdbcTemplate - Executing prepared SQL update
14:51:58.802 [main] DEBUG o.s.jdbc.core.JdbcTemplate - Executing prepared SQL statement [INSERT INTO enrollments (student_id,course_id) VALUES (?,?)]
14:51:58.802 [main] DEBUG o.s.jdbc.datasource.DataSourceUtils - Fetching JDBC Connection from DataSource
14:51:58.802 [main] DEBUG o.s.jdbc.core.JdbcTemplate - Executing prepared SQL update
14:51:58.802 [main] DEBUG o.s.jdbc.core.JdbcTemplate - Executing prepared SQL statement [INSERT INTO enrollments (student_id,course_id) VALUES (?,?)]
14:51:58.802 [main] DEBUG o.s.jdbc.datasource.DataSourceUtils - Fetching JDBC Connection from DataSource
14:51:58.803 [main] DEBUG o.s.jdbc.core.JdbcTemplate - Executing prepared SQL update
14:51:58.803 [main] DEBUG o.s.jdbc.core.JdbcTemplate - Executing prepared SQL statement [INSERT INTO enrollments (student_id,course_id) VALUES (?,?)]
14:51:58.803 [main] DEBUG o.s.jdbc.datasource.DataSourceUtils - Fetching JDBC Connection from DataSource
14:51:58.803 [main] DEBUG o.s.jdbc.core.JdbcTemplate - Executing prepared SQL update
14:51:58.803 [main] DEBUG o.s.jdbc.core.JdbcTemplate - Executing prepared SQL statement [INSERT INTO enrollments (student_id,course_id) VALUES (?,?)]
14:51:58.803 [main] DEBUG o.s.jdbc.datasource.DataSourceUtils - Fetching JDBC Connection from DataSource
14:51:58.803 [main] DEBUG o.s.jdbc.core.JdbcTemplate - Executing prepared SQL update
14:51:58.803 [main] DEBUG o.s.jdbc.core.JdbcTemplate - Executing prepared SQL statement [INSERT INTO enrollments (student_id,course_id) VALUES (?,?)]
14:51:58.803 [main] DEBUG o.s.jdbc.datasource.DataSourceUtils - Fetching JDBC Connection from DataSource
14:51:58.804 [main] DEBUG o.s.jdbc.core.JdbcTemplate - Executing prepared SQL update
14:51:58.804 [main] DEBUG o.s.jdbc.core.JdbcTemplate - Executing prepared SQL statement [INSERT INTO enrollments (student_id,course_id) VALUES (?,?)]
14:51:58.804 [main] DEBUG o.s.jdbc.datasource.DataSourceUtils - Fetching JDBC Connection from DataSource
14:51:58.804 [main] DEBUG o.s.jdbc.core.JdbcTemplate - Executing prepared SQL update
14:51:58.804 [main] DEBUG o.s.jdbc.core.JdbcTemplate - Executing prepared SQL statement [INSERT INTO enrollments (student_id,course_id) VALUES (?,?)]
14:51:58.804 [main] DEBUG o.s.jdbc.datasource.DataSourceUtils - Fetching JDBC Connection from DataSource
14:51:58.805 [main] DEBUG o.s.jdbc.core.JdbcTemplate - Executing prepared SQL update
14:51:58.805 [main] DEBUG o.s.jdbc.core.JdbcTemplate - Executing prepared SQL statement [INSERT INTO enrollments (student_id,course_id) VALUES (?,?)]
14:51:58.805 [main] DEBUG o.s.jdbc.datasource.DataSourceUtils - Fetching JDBC Connection from DataSource
14:51:58.805 [main] DEBUG o.s.jdbc.core.JdbcTemplate - Executing prepared SQL update
14:51:58.805 [main] DEBUG o.s.jdbc.core.JdbcTemplate - Executing prepared SQL statement [INSERT INTO enrollments (student_id,course_id) VALUES (?,?)]
14:51:58.805 [main] DEBUG o.s.jdbc.datasource.DataSourceUtils - Fetching JDBC Connection from DataSource
14:51:58.805 [main] DEBUG o.s.jdbc.core.JdbcTemplate - Executing prepared SQL update
14:51:58.805 [main] DEBUG o.s.jdbc.core.JdbcTemplate - Executing prepared SQL statement [INSERT INTO enrollments (student_id,course_id) VALUES (?,?)]
14:51:58.805 [main] DEBUG o.s.jdbc.datasource.DataSourceUtils - Fetching JDBC Connection from DataSource
14:51:58.806 [main] DEBUG o.s.jdbc.core.JdbcTemplate - Executing prepared SQL update
14:51:58.806 [main] DEBUG o.s.jdbc.core.JdbcTemplate - Executing prepared SQL statement [INSERT INTO enrollments (student_id,course_id) VALUES (?,?)]
14:51:58.806 [main] DEBUG o.s.jdbc.datasource.DataSourceUtils - Fetching JDBC Connection from DataSource
14:51:58.806 [main] DEBUG o.s.jdbc.core.JdbcTemplate - Executing prepared SQL update
14:51:58.806 [main] DEBUG o.s.jdbc.core.JdbcTemplate - Executing prepared SQL statement [INSERT INTO enrollments (student_id,course_id) VALUES (?,?)]
14:51:58.806 [main] DEBUG o.s.jdbc.datasource.DataSourceUtils - Fetching JDBC Connection from DataSource
14:51:58.806 [main] DEBUG o.s.jdbc.core.JdbcTemplate - Executing prepared SQL update
14:51:58.806 [main] DEBUG o.s.jdbc.core.JdbcTemplate - Executing prepared SQL statement [INSERT INTO enrollments (student_id,course_id) VALUES (?,?)]
14:51:58.806 [main] DEBUG o.s.jdbc.datasource.DataSourceUtils - Fetching JDBC Connection from DataSource
14:51:58.807 [main] DEBUG o.s.jdbc.core.JdbcTemplate - Executing prepared SQL update
14:51:58.807 [main] DEBUG o.s.jdbc.core.JdbcTemplate - Executing prepared SQL statement [INSERT INTO enrollments (student_id,course_id) VALUES (?,?)]
14:51:58.807 [main] DEBUG o.s.jdbc.datasource.DataSourceUtils - Fetching JDBC Connection from DataSource
14:51:58.807 [main] DEBUG o.s.jdbc.core.JdbcTemplate - Executing prepared SQL update
14:51:58.807 [main] DEBUG o.s.jdbc.core.JdbcTemplate - Executing prepared SQL statement [INSERT INTO enrollments (student_id,course_id) VALUES (?,?)]
14:51:58.807 [main] DEBUG o.s.jdbc.datasource.DataSourceUtils - Fetching JDBC Connection from DataSource
14:51:58.807 [main] DEBUG o.s.jdbc.core.JdbcTemplate - Executing prepared SQL update
14:51:58.807 [main] DEBUG o.s.jdbc.core.JdbcTemplate - Executing prepared SQL statement [INSERT INTO enrollments (student_id,course_id) VALUES (?,?)]
14:51:58.807 [main] DEBUG o.s.jdbc.datasource.DataSourceUtils - Fetching JDBC Connection from DataSource
14:51:58.808 [main] DEBUG o.s.jdbc.core.JdbcTemplate - Executing prepared SQL update
14:51:58.808 [main] DEBUG o.s.jdbc.core.JdbcTemplate - Executing prepared SQL statement [INSERT INTO enrollments (student_id,course_id) VALUES (?,?)]
14:51:58.808 [main] DEBUG o.s.jdbc.datasource.DataSourceUtils - Fetching JDBC Connection from DataSource
14:51:58.808 [main] DEBUG o.s.jdbc.core.JdbcTemplate - Executing prepared SQL update
14:51:58.808 [main] DEBUG o.s.jdbc.core.JdbcTemplate - Executing prepared SQL statement [INSERT INTO enrollments (student_id,course_id) VALUES (?,?)]
14:51:58.808 [main] DEBUG o.s.jdbc.datasource.DataSourceUtils - Fetching JDBC Connection from DataSource
14:51:58.808 [main] DEBUG o.s.jdbc.core.JdbcTemplate - Executing prepared SQL update
14:51:58.808 [main] DEBUG o.s.jdbc.core.JdbcTemplate - Executing prepared SQL statement [INSERT INTO enrollments (student_id,course_id) VALUES (?,?)]
14:51:58.808 [main] DEBUG o.s.jdbc.datasource.DataSourceUtils - Fetching JDBC Connection from DataSource
14:51:58.809 [main] DEBUG o.s.jdbc.core.JdbcTemplate - Executing prepared SQL update
14:51:58.809 [main] DEBUG o.s.jdbc.core.JdbcTemplate - Executing prepared SQL statement [INSERT INTO enrollments (student_id,course_id) VALUES (?,?)]
14:51:58.809 [main] DEBUG o.s.jdbc.datasource.DataSourceUtils - Fetching JDBC Connection from DataSource
14:51:58.809 [main] DEBUG o.s.jdbc.core.JdbcTemplate - Executing prepared SQL update
14:51:58.809 [main] DEBUG o.s.jdbc.core.JdbcTemplate - Executing prepared SQL statement [INSERT INTO enrollments (student_id,course_id) VALUES (?,?)]
14:51:58.809 [main] DEBUG o.s.jdbc.datasource.DataSourceUtils - Fetching JDBC Connection from DataSource
14:51:58.809 [main] DEBUG o.s.jdbc.core.JdbcTemplate - Executing prepared SQL update
14:51:58.809 [main] DEBUG o.s.jdbc.core.JdbcTemplate - Executing prepared SQL statement [INSERT INTO enrollments (student_id,course_id) VALUES (?,?)]
14:51:58.809 [main] DEBUG o.s.jdbc.datasource.DataSourceUtils - Fetching JDBC Connection from DataSource
14:51:58.810 [main] DEBUG o.s.jdbc.core.JdbcTemplate - Executing prepared SQL update
14:51:58.810 [main] DEBUG o.s.jdbc.core.JdbcTemplate - Executing prepared SQL statement [INSERT INTO enrollments (student_id,course_id) VALUES (?,?)]
14:51:58.810 [main] DEBUG o.s.jdbc.datasource.DataSourceUtils - Fetching JDBC Connection from DataSource
14:51:58.810 [main] DEBUG o.s.jdbc.core.JdbcTemplate - Executing prepared SQL update
14:51:58.810 [main] DEBUG o.s.jdbc.core.JdbcTemplate - Executing prepared SQL statement [INSERT INTO enrollments (student_id,course_id) VALUES (?,?)]
14:51:58.810 [main] DEBUG o.s.jdbc.datasource.DataSourceUtils - Fetching JDBC Connection from DataSource
14:51:58.810 [main] DEBUG o.s.jdbc.core.JdbcTemplate - Executing prepared SQL update
14:51:58.810 [main] DEBUG o.s.jdbc.core.JdbcTemplate - Executing prepared SQL statement [INSERT INTO enrollments (student_id,course_id) VALUES (?,?)]
14:51:58.811 [main] DEBUG o.s.jdbc.datasource.DataSourceUtils - Fetching JDBC Connection from DataSource
14:51:58.811 [main] DEBUG o.s.jdbc.core.JdbcTemplate - Executing prepared SQL update
14:51:58.811 [main] DEBUG o.s.jdbc.core.JdbcTemplate - Executing prepared SQL statement [INSERT INTO enrollments (student_id,course_id) VALUES (?,?)]
14:51:58.811 [main] DEBUG o.s.jdbc.datasource.DataSourceUtils - Fetching JDBC Connection from DataSource
14:51:58.811 [main] DEBUG o.s.jdbc.core.JdbcTemplate - Executing prepared SQL update
14:51:58.811 [main] DEBUG o.s.jdbc.core.JdbcTemplate - Executing prepared SQL statement [INSERT INTO enrollments (student_id,course_id) VALUES (?,?)]
14:51:58.811 [main] DEBUG o.s.jdbc.datasource.DataSourceUtils - Fetching JDBC Connection from DataSource
14:51:58.812 [main] DEBUG o.s.jdbc.core.JdbcTemplate - Executing prepared SQL update
14:51:58.812 [main] DEBUG o.s.jdbc.core.JdbcTemplate - Executing prepared SQL statement [INSERT INTO enrollments (student_id,course_id) VALUES (?,?)]
14:51:58.812 [main] DEBUG o.s.jdbc.datasource.DataSourceUtils - Fetching JDBC Connection from DataSource
14:51:58.812 [main] DEBUG o.s.jdbc.core.JdbcTemplate - Executing prepared SQL update
14:51:58.812 [main] DEBUG o.s.jdbc.core.JdbcTemplate - Executing prepared SQL statement [INSERT INTO enrollments (student_id,course_id) VALUES (?,?)]
14:51:58.812 [main] DEBUG o.s.jdbc.datasource.DataSourceUtils - Fetching JDBC Connection from DataSource
14:51:58.812 [main] DEBUG o.s.jdbc.core.JdbcTemplate - Executing prepared SQL update
14:51:58.813 [main] DEBUG o.s.jdbc.core.JdbcTemplate - Executing prepared SQL statement [INSERT INTO enrollments (student_id,course_id) VALUES (?,?)]
14:51:58.813 [main] DEBUG o.s.jdbc.datasource.DataSourceUtils - Fetching JDBC Connection from DataSource
14:51:58.813 [main] DEBUG o.s.jdbc.core.JdbcTemplate - Executing prepared SQL update
14:51:58.813 [main] DEBUG o.s.jdbc.core.JdbcTemplate - Executing prepared SQL statement [INSERT INTO enrollments (student_id,course_id) VALUES (?,?)]
14:51:58.813 [main] DEBUG o.s.jdbc.datasource.DataSourceUtils - Fetching JDBC Connection from DataSource
14:51:58.813 [main] DEBUG o.s.jdbc.core.JdbcTemplate - Executing prepared SQL update
14:51:58.813 [main] DEBUG o.s.jdbc.core.JdbcTemplate - Executing prepared SQL statement [INSERT INTO enrollments (student_id,course_id) VALUES (?,?)]
14:51:58.813 [main] DEBUG o.s.jdbc.datasource.DataSourceUtils - Fetching JDBC Connection from DataSource
14:51:58.814 [main] DEBUG o.s.jdbc.core.JdbcTemplate - Executing prepared SQL update
14:51:58.814 [main] DEBUG o.s.jdbc.core.JdbcTemplate - Executing prepared SQL statement [INSERT INTO enrollments (student_id,course_id) VALUES (?,?)]
14:51:58.814 [main] DEBUG o.s.jdbc.datasource.DataSourceUtils - Fetching JDBC Connection from DataSource
14:51:58.814 [main] DEBUG o.s.jdbc.core.JdbcTemplate - Executing prepared SQL update
14:51:58.814 [main] DEBUG o.s.jdbc.core.JdbcTemplate - Executing prepared SQL statement [INSERT INTO enrollments (student_id,course_id) VALUES (?,?)]
14:51:58.814 [main] DEBUG o.s.jdbc.datasource.DataSourceUtils - Fetching JDBC Connection from DataSource
14:51:58.815 [main] DEBUG o.s.jdbc.core.JdbcTemplate - Executing prepared SQL update
14:51:58.815 [main] DEBUG o.s.jdbc.core.JdbcTemplate - Executing prepared SQL statement [INSERT INTO enrollments (student_id,course_id) VALUES (?,?)]
14:51:58.815 [main] DEBUG o.s.jdbc.datasource.DataSourceUtils - Fetching JDBC Connection from DataSource
14:51:58.815 [main] DEBUG o.s.jdbc.core.JdbcTemplate - Executing prepared SQL update
14:51:58.815 [main] DEBUG o.s.jdbc.core.JdbcTemplate - Executing prepared SQL statement [INSERT INTO enrollments (student_id,course_id) VALUES (?,?)]
14:51:58.815 [main] DEBUG o.s.jdbc.datasource.DataSourceUtils - Fetching JDBC Connection from DataSource
14:51:58.815 [main] DEBUG o.s.jdbc.core.JdbcTemplate - Executing prepared SQL update
14:51:58.815 [main] DEBUG o.s.jdbc.core.JdbcTemplate - Executing prepared SQL statement [INSERT INTO enrollments (student_id,course_id) VALUES (?,?)]
14:51:58.815 [main] DEBUG o.s.jdbc.datasource.DataSourceUtils - Fetching JDBC Connection from DataSource
14:51:58.816 [main] DEBUG o.s.jdbc.core.JdbcTemplate - Executing prepared SQL update
14:51:58.816 [main] DEBUG o.s.jdbc.core.JdbcTemplate - Executing prepared SQL statement [INSERT INTO enrollments (student_id,course_id) VALUES (?,?)]
14:51:58.816 [main] DEBUG o.s.jdbc.datasource.DataSourceUtils - Fetching JDBC Connection from DataSource
14:51:58.816 [main] DEBUG o.s.jdbc.core.JdbcTemplate - Executing prepared SQL update
14:51:58.816 [main] DEBUG o.s.jdbc.core.JdbcTemplate - Executing prepared SQL statement [INSERT INTO enrollments (student_id,course_id) VALUES (?,?)]
14:51:58.816 [main] DEBUG o.s.jdbc.datasource.DataSourceUtils - Fetching JDBC Connection from DataSource
14:51:58.817 [main] DEBUG o.s.jdbc.core.JdbcTemplate - Executing prepared SQL update
14:51:58.817 [main] DEBUG o.s.jdbc.core.JdbcTemplate - Executing prepared SQL statement [INSERT INTO enrollments (student_id,course_id) VALUES (?,?)]
14:51:58.817 [main] DEBUG o.s.jdbc.datasource.DataSourceUtils - Fetching JDBC Connection from DataSource
14:51:58.817 [main] DEBUG o.s.jdbc.core.JdbcTemplate - Executing prepared SQL update
14:51:58.817 [main] DEBUG o.s.jdbc.core.JdbcTemplate - Executing prepared SQL statement [INSERT INTO enrollments (student_id,course_id) VALUES (?,?)]
14:51:58.817 [main] DEBUG o.s.jdbc.datasource.DataSourceUtils - Fetching JDBC Connection from DataSource
14:51:58.817 [main] DEBUG o.s.jdbc.core.JdbcTemplate - Executing prepared SQL update
14:51:58.817 [main] DEBUG o.s.jdbc.core.JdbcTemplate - Executing prepared SQL statement [INSERT INTO enrollments (student_id,course_id) VALUES (?,?)]
14:51:58.817 [main] DEBUG o.s.jdbc.datasource.DataSourceUtils - Fetching JDBC Connection from DataSource
14:51:58.818 [main] DEBUG o.s.jdbc.core.JdbcTemplate - Executing prepared SQL update
14:51:58.818 [HikariPool-2 housekeeper] DEBUG com.zaxxer.hikari.pool.HikariPool - HikariPool-2 - Pool stats (total=1, active=1, idle=0, waiting=0)
14:51:58.818 [main] DEBUG o.s.jdbc.core.JdbcTemplate - Executing prepared SQL statement [INSERT INTO enrollments (student_id,course_id) VALUES (?,?)]
14:51:58.818 [main] DEBUG o.s.jdbc.datasource.DataSourceUtils - Fetching JDBC Connection from DataSource
14:51:58.818 [main] DEBUG o.s.jdbc.core.JdbcTemplate - Executing prepared SQL update
14:51:58.818 [main] DEBUG o.s.jdbc.core.JdbcTemplate - Executing prepared SQL statement [INSERT INTO enrollments (student_id,course_id) VALUES (?,?)]
14:51:58.818 [main] DEBUG o.s.jdbc.datasource.DataSourceUtils - Fetching JDBC Connection from DataSource
14:51:58.818 [main] DEBUG o.s.jdbc.core.JdbcTemplate - Executing prepared SQL update
14:51:58.818 [main] DEBUG o.s.jdbc.core.JdbcTemplate - Executing prepared SQL statement [INSERT INTO enrollments (student_id,course_id) VALUES (?,?)]
14:51:58.818 [main] DEBUG o.s.jdbc.datasource.DataSourceUtils - Fetching JDBC Connection from DataSource
14:51:58.819 [main] DEBUG o.s.jdbc.core.JdbcTemplate - Executing prepared SQL update
14:51:58.819 [main] DEBUG o.s.jdbc.core.JdbcTemplate - Executing prepared SQL statement [INSERT INTO enrollments (student_id,course_id) VALUES (?,?)]
14:51:58.819 [main] DEBUG o.s.jdbc.datasource.DataSourceUtils - Fetching JDBC Connection from DataSource
14:51:58.820 [main] DEBUG o.s.jdbc.core.JdbcTemplate - Executing prepared SQL update
14:51:58.820 [main] DEBUG o.s.jdbc.core.JdbcTemplate - Executing prepared SQL statement [INSERT INTO enrollments (student_id,course_id) VALUES (?,?)]
14:51:58.820 [main] DEBUG o.s.jdbc.datasource.DataSourceUtils - Fetching JDBC Connection from DataSource
14:51:58.820 [main] DEBUG o.s.jdbc.core.JdbcTemplate - Executing prepared SQL update
14:51:58.820 [main] DEBUG o.s.jdbc.core.JdbcTemplate - Executing prepared SQL statement [INSERT INTO enrollments (student_id,course_id) VALUES (?,?)]
14:51:58.820 [main] DEBUG o.s.jdbc.datasource.DataSourceUtils - Fetching JDBC Connection from DataSource
14:51:58.821 [main] DEBUG o.s.jdbc.core.JdbcTemplate - Executing prepared SQL update
14:51:58.821 [main] DEBUG o.s.jdbc.core.JdbcTemplate - Executing prepared SQL statement [INSERT INTO enrollments (student_id,course_id) VALUES (?,?)]
14:51:58.821 [main] DEBUG o.s.jdbc.datasource.DataSourceUtils - Fetching JDBC Connection from DataSource
14:51:58.821 [main] DEBUG o.s.jdbc.core.JdbcTemplate - Executing prepared SQL update
14:51:58.821 [main] DEBUG o.s.jdbc.core.JdbcTemplate - Executing prepared SQL statement [INSERT INTO enrollments (student_id,course_id) VALUES (?,?)]
14:51:58.821 [main] DEBUG o.s.jdbc.datasource.DataSourceUtils - Fetching JDBC Connection from DataSource
14:51:58.821 [main] DEBUG o.s.jdbc.core.JdbcTemplate - Executing prepared SQL update
14:51:58.821 [main] DEBUG o.s.jdbc.core.JdbcTemplate - Executing prepared SQL statement [INSERT INTO enrollments (student_id,course_id) VALUES (?,?)]
14:51:58.821 [main] DEBUG o.s.jdbc.datasource.DataSourceUtils - Fetching JDBC Connection from DataSource
14:51:58.822 [main] DEBUG o.s.jdbc.core.JdbcTemplate - Executing prepared SQL update
14:51:58.822 [main] DEBUG o.s.jdbc.core.JdbcTemplate - Executing prepared SQL statement [INSERT INTO enrollments (student_id,course_id) VALUES (?,?)]
14:51:58.822 [main] DEBUG o.s.jdbc.datasource.DataSourceUtils - Fetching JDBC Connection from DataSource
14:51:58.822 [main] DEBUG o.s.jdbc.core.JdbcTemplate - Executing prepared SQL update
14:51:58.822 [main] DEBUG o.s.jdbc.core.JdbcTemplate - Executing prepared SQL statement [INSERT INTO enrollments (student_id,course_id) VALUES (?,?)]
14:51:58.822 [main] DEBUG o.s.jdbc.datasource.DataSourceUtils - Fetching JDBC Connection from DataSource
14:51:58.822 [main] DEBUG o.s.jdbc.core.JdbcTemplate - Executing prepared SQL update
14:51:58.823 [main] DEBUG o.s.jdbc.core.JdbcTemplate - Executing prepared SQL statement [INSERT INTO enrollments (student_id,course_id) VALUES (?,?)]
14:51:58.823 [main] DEBUG o.s.jdbc.datasource.DataSourceUtils - Fetching JDBC Connection from DataSource
14:51:58.823 [main] DEBUG o.s.jdbc.core.JdbcTemplate - Executing prepared SQL update
14:51:58.823 [main] DEBUG o.s.jdbc.core.JdbcTemplate - Executing prepared SQL statement [INSERT INTO enrollments (student_id,course_id) VALUES (?,?)]
14:51:58.823 [main] DEBUG o.s.jdbc.datasource.DataSourceUtils - Fetching JDBC Connection from DataSource
14:51:58.824 [main] DEBUG o.s.jdbc.core.JdbcTemplate - Executing prepared SQL update
14:51:58.824 [main] DEBUG o.s.jdbc.core.JdbcTemplate - Executing prepared SQL statement [INSERT INTO enrollments (student_id,course_id) VALUES (?,?)]
14:51:58.824 [main] DEBUG o.s.jdbc.datasource.DataSourceUtils - Fetching JDBC Connection from DataSource
14:51:58.824 [main] DEBUG o.s.jdbc.core.JdbcTemplate - Executing prepared SQL update
14:51:58.824 [main] DEBUG o.s.jdbc.core.JdbcTemplate - Executing prepared SQL statement [INSERT INTO enrollments (student_id,course_id) VALUES (?,?)]
14:51:58.824 [main] DEBUG o.s.jdbc.datasource.DataSourceUtils - Fetching JDBC Connection from DataSource
14:51:58.824 [main] DEBUG o.s.jdbc.core.JdbcTemplate - Executing prepared SQL update
14:51:58.824 [main] DEBUG o.s.jdbc.core.JdbcTemplate - Executing prepared SQL statement [INSERT INTO enrollments (student_id,course_id) VALUES (?,?)]
14:51:58.824 [main] DEBUG o.s.jdbc.datasource.DataSourceUtils - Fetching JDBC Connection from DataSource
14:51:58.825 [main] DEBUG o.s.jdbc.core.JdbcTemplate - Executing prepared SQL update
14:51:58.825 [main] DEBUG o.s.jdbc.core.JdbcTemplate - Executing prepared SQL statement [INSERT INTO enrollments (student_id,course_id) VALUES (?,?)]
14:51:58.825 [main] DEBUG o.s.jdbc.datasource.DataSourceUtils - Fetching JDBC Connection from DataSource
14:51:58.825 [main] DEBUG o.s.jdbc.core.JdbcTemplate - Executing prepared SQL update
14:51:58.825 [main] DEBUG o.s.jdbc.core.JdbcTemplate - Executing prepared SQL statement [INSERT INTO enrollments (student_id,course_id) VALUES (?,?)]
14:51:58.825 [main] DEBUG o.s.jdbc.datasource.DataSourceUtils - Fetching JDBC Connection from DataSource
14:51:58.826 [main] DEBUG o.s.jdbc.core.JdbcTemplate - Executing prepared SQL update
14:51:58.826 [main] DEBUG o.s.jdbc.core.JdbcTemplate - Executing prepared SQL statement [INSERT INTO enrollments (student_id,course_id) VALUES (?,?)]
14:51:58.826 [main] DEBUG o.s.jdbc.datasource.DataSourceUtils - Fetching JDBC Connection from DataSource
14:51:58.826 [main] DEBUG o.s.jdbc.core.JdbcTemplate - Executing prepared SQL update
14:51:58.826 [main] DEBUG o.s.jdbc.core.JdbcTemplate - Executing prepared SQL statement [INSERT INTO enrollments (student_id,course_id) VALUES (?,?)]
14:51:58.826 [main] DEBUG o.s.jdbc.datasource.DataSourceUtils - Fetching JDBC Connection from DataSource
14:51:58.826 [main] DEBUG o.s.jdbc.core.JdbcTemplate - Executing prepared SQL update
14:51:58.826 [main] DEBUG o.s.jdbc.core.JdbcTemplate - Executing prepared SQL statement [INSERT INTO enrollments (student_id,course_id) VALUES (?,?)]
14:51:58.827 [main] DEBUG o.s.jdbc.datasource.DataSourceUtils - Fetching JDBC Connection from DataSource
14:51:58.827 [main] DEBUG o.s.jdbc.core.JdbcTemplate - Executing prepared SQL update
14:51:58.827 [main] DEBUG o.s.jdbc.core.JdbcTemplate - Executing prepared SQL statement [INSERT INTO enrollments (student_id,course_id) VALUES (?,?)]
14:51:58.827 [main] DEBUG o.s.jdbc.datasource.DataSourceUtils - Fetching JDBC Connection from DataSource
14:51:58.827 [main] DEBUG o.s.jdbc.core.JdbcTemplate - Executing prepared SQL update
14:51:58.827 [main] DEBUG o.s.jdbc.core.JdbcTemplate - Executing prepared SQL statement [INSERT INTO enrollments (student_id,course_id) VALUES (?,?)]
14:51:58.827 [main] DEBUG o.s.jdbc.datasource.DataSourceUtils - Fetching JDBC Connection from DataSource
14:51:58.827 [main] DEBUG o.s.jdbc.core.JdbcTemplate - Executing prepared SQL update
14:51:58.828 [main] DEBUG o.s.jdbc.core.JdbcTemplate - Executing prepared SQL statement [INSERT INTO enrollments (student_id,course_id) VALUES (?,?)]
14:51:58.828 [main] DEBUG o.s.jdbc.datasource.DataSourceUtils - Fetching JDBC Connection from DataSource
14:51:58.828 [main] DEBUG o.s.jdbc.core.JdbcTemplate - Executing prepared SQL update
14:51:58.828 [main] DEBUG o.s.jdbc.core.JdbcTemplate - Executing prepared SQL statement [INSERT INTO enrollments (student_id,course_id) VALUES (?,?)]
14:51:58.828 [main] DEBUG o.s.jdbc.datasource.DataSourceUtils - Fetching JDBC Connection from DataSource
14:51:58.828 [main] DEBUG o.s.jdbc.core.JdbcTemplate - Executing prepared SQL update
14:51:58.828 [main] DEBUG o.s.jdbc.core.JdbcTemplate - Executing prepared SQL statement [INSERT INTO enrollments (student_id,course_id) VALUES (?,?)]
14:51:58.828 [main] DEBUG o.s.jdbc.datasource.DataSourceUtils - Fetching JDBC Connection from DataSource
14:51:58.828 [main] DEBUG o.s.jdbc.core.JdbcTemplate - Executing prepared SQL update
14:51:58.829 [main] DEBUG o.s.jdbc.core.JdbcTemplate - Executing prepared SQL statement [INSERT INTO enrollments (student_id,course_id) VALUES (?,?)]
14:51:58.829 [main] DEBUG o.s.jdbc.datasource.DataSourceUtils - Fetching JDBC Connection from DataSource
14:51:58.829 [main] DEBUG o.s.jdbc.core.JdbcTemplate - Executing prepared SQL update
14:51:58.829 [main] DEBUG o.s.jdbc.core.JdbcTemplate - Executing prepared SQL statement [INSERT INTO enrollments (student_id,course_id) VALUES (?,?)]
14:51:58.829 [main] DEBUG o.s.jdbc.datasource.DataSourceUtils - Fetching JDBC Connection from DataSource
14:51:58.829 [main] DEBUG o.s.jdbc.core.JdbcTemplate - Executing prepared SQL update
14:51:58.829 [main] DEBUG o.s.jdbc.core.JdbcTemplate - Executing prepared SQL statement [INSERT INTO enrollments (student_id,course_id) VALUES (?,?)]
14:51:58.829 [main] DEBUG o.s.jdbc.datasource.DataSourceUtils - Fetching JDBC Connection from DataSource
14:51:58.830 [main] DEBUG o.s.jdbc.core.JdbcTemplate - Executing prepared SQL update
14:51:58.830 [main] DEBUG o.s.jdbc.core.JdbcTemplate - Executing prepared SQL statement [INSERT INTO enrollments (student_id,course_id) VALUES (?,?)]
14:51:58.830 [main] DEBUG o.s.jdbc.datasource.DataSourceUtils - Fetching JDBC Connection from DataSource
14:51:58.831 [main] DEBUG o.s.jdbc.core.JdbcTemplate - Executing prepared SQL update
14:51:58.831 [main] DEBUG o.s.jdbc.core.JdbcTemplate - Executing prepared SQL statement [INSERT INTO enrollments (student_id,course_id) VALUES (?,?)]
14:51:58.831 [main] DEBUG o.s.jdbc.datasource.DataSourceUtils - Fetching JDBC Connection from DataSource
14:51:58.831 [main] DEBUG o.s.jdbc.core.JdbcTemplate - Executing prepared SQL update
14:51:58.831 [main] DEBUG o.s.jdbc.core.JdbcTemplate - Executing prepared SQL statement [INSERT INTO enrollments (student_id,course_id) VALUES (?,?)]
14:51:58.831 [main] DEBUG o.s.jdbc.datasource.DataSourceUtils - Fetching JDBC Connection from DataSource
14:51:58.831 [main] DEBUG o.s.jdbc.core.JdbcTemplate - Executing prepared SQL update
14:51:58.832 [main] DEBUG o.s.jdbc.core.JdbcTemplate - Executing prepared SQL statement [INSERT INTO enrollments (student_id,course_id) VALUES (?,?)]
14:51:58.832 [main] DEBUG o.s.jdbc.datasource.DataSourceUtils - Fetching JDBC Connection from DataSource
14:51:58.832 [main] DEBUG o.s.jdbc.core.JdbcTemplate - Executing prepared SQL update
14:51:58.832 [main] DEBUG o.s.jdbc.core.JdbcTemplate - Executing prepared SQL statement [INSERT INTO enrollments (student_id,course_id) VALUES (?,?)]
14:51:58.832 [main] DEBUG o.s.jdbc.datasource.DataSourceUtils - Fetching JDBC Connection from DataSource
14:51:58.832 [main] DEBUG o.s.jdbc.core.JdbcTemplate - Executing prepared SQL update
14:51:58.832 [main] DEBUG o.s.jdbc.core.JdbcTemplate - Executing prepared SQL statement [INSERT INTO enrollments (student_id,course_id) VALUES (?,?)]
14:51:58.832 [main] DEBUG o.s.jdbc.datasource.DataSourceUtils - Fetching JDBC Connection from DataSource
14:51:58.832 [main] DEBUG o.s.jdbc.core.JdbcTemplate - Executing prepared SQL update
14:51:58.832 [main] DEBUG o.s.jdbc.core.JdbcTemplate - Executing prepared SQL statement [INSERT INTO enrollments (student_id,course_id) VALUES (?,?)]
14:51:58.832 [main] DEBUG o.s.jdbc.datasource.DataSourceUtils - Fetching JDBC Connection from DataSource
14:51:58.833 [main] DEBUG o.s.jdbc.core.JdbcTemplate - Executing prepared SQL update
14:51:58.833 [main] DEBUG o.s.jdbc.core.JdbcTemplate - Executing prepared SQL statement [INSERT INTO enrollments (student_id,course_id) VALUES (?,?)]
14:51:58.833 [main] DEBUG o.s.jdbc.datasource.DataSourceUtils - Fetching JDBC Connection from DataSource
14:51:58.833 [main] DEBUG o.s.jdbc.core.JdbcTemplate - Executing prepared SQL update
14:51:58.833 [main] DEBUG o.s.jdbc.core.JdbcTemplate - Executing prepared SQL statement [INSERT INTO enrollments (student_id,course_id) VALUES (?,?)]
14:51:58.833 [main] DEBUG o.s.jdbc.datasource.DataSourceUtils - Fetching JDBC Connection from DataSource
14:51:58.833 [main] DEBUG o.s.jdbc.core.JdbcTemplate - Executing prepared SQL update
14:51:58.833 [main] DEBUG o.s.jdbc.core.JdbcTemplate - Executing prepared SQL statement [INSERT INTO enrollments (student_id,course_id) VALUES (?,?)]
14:51:58.833 [main] DEBUG o.s.jdbc.datasource.DataSourceUtils - Fetching JDBC Connection from DataSource
14:51:58.834 [main] DEBUG o.s.jdbc.core.JdbcTemplate - Executing prepared SQL update
14:51:58.834 [main] DEBUG o.s.jdbc.core.JdbcTemplate - Executing prepared SQL statement [INSERT INTO enrollments (student_id,course_id) VALUES (?,?)]
14:51:58.834 [main] DEBUG o.s.jdbc.datasource.DataSourceUtils - Fetching JDBC Connection from DataSource
14:51:58.834 [main] DEBUG o.s.jdbc.core.JdbcTemplate - Executing prepared SQL update
14:51:58.834 [main] DEBUG o.s.jdbc.core.JdbcTemplate - Executing prepared SQL statement [INSERT INTO enrollments (student_id,course_id) VALUES (?,?)]
14:51:58.834 [main] DEBUG o.s.jdbc.datasource.DataSourceUtils - Fetching JDBC Connection from DataSource
14:51:58.835 [main] DEBUG o.s.jdbc.core.JdbcTemplate - Executing prepared SQL update
14:51:58.835 [main] DEBUG o.s.jdbc.core.JdbcTemplate - Executing prepared SQL statement [INSERT INTO enrollments (student_id,course_id) VALUES (?,?)]
14:51:58.835 [main] DEBUG o.s.jdbc.datasource.DataSourceUtils - Fetching JDBC Connection from DataSource
14:51:58.835 [main] DEBUG o.s.jdbc.core.JdbcTemplate - Executing prepared SQL update
14:51:58.835 [main] DEBUG o.s.jdbc.core.JdbcTemplate - Executing prepared SQL statement [INSERT INTO enrollments (student_id,course_id) VALUES (?,?)]
14:51:58.835 [main] DEBUG o.s.jdbc.datasource.DataSourceUtils - Fetching JDBC Connection from DataSource
14:51:58.835 [main] DEBUG o.s.jdbc.core.JdbcTemplate - Executing prepared SQL update
14:51:58.835 [main] DEBUG o.s.jdbc.core.JdbcTemplate - Executing prepared SQL statement [INSERT INTO enrollments (student_id,course_id) VALUES (?,?)]
14:51:58.835 [main] DEBUG o.s.jdbc.datasource.DataSourceUtils - Fetching JDBC Connection from DataSource
14:51:58.835 [main] DEBUG o.s.jdbc.core.JdbcTemplate - Executing prepared SQL update
14:51:58.835 [main] DEBUG o.s.jdbc.core.JdbcTemplate - Executing prepared SQL statement [INSERT INTO enrollments (student_id,course_id) VALUES (?,?)]
14:51:58.835 [main] DEBUG o.s.jdbc.datasource.DataSourceUtils - Fetching JDBC Connection from DataSource
14:51:58.835 [main] DEBUG o.s.jdbc.core.JdbcTemplate - Executing prepared SQL update
14:51:58.835 [main] DEBUG o.s.jdbc.core.JdbcTemplate - Executing prepared SQL statement [INSERT INTO enrollments (student_id,course_id) VALUES (?,?)]
14:51:58.835 [main] DEBUG o.s.jdbc.datasource.DataSourceUtils - Fetching JDBC Connection from DataSource
14:51:58.837 [main] DEBUG o.s.jdbc.core.JdbcTemplate - Executing prepared SQL update
14:51:58.837 [main] DEBUG o.s.jdbc.core.JdbcTemplate - Executing prepared SQL statement [INSERT INTO enrollments (student_id,course_id) VALUES (?,?)]
14:51:58.837 [main] DEBUG o.s.jdbc.datasource.DataSourceUtils - Fetching JDBC Connection from DataSource
14:51:58.837 [main] DEBUG o.s.jdbc.core.JdbcTemplate - Executing prepared SQL update
14:51:58.837 [main] DEBUG o.s.jdbc.core.JdbcTemplate - Executing prepared SQL statement [INSERT INTO enrollments (student_id,course_id) VALUES (?,?)]
14:51:58.837 [main] DEBUG o.s.jdbc.datasource.DataSourceUtils - Fetching JDBC Connection from DataSource
14:51:58.837 [main] DEBUG o.s.jdbc.core.JdbcTemplate - Executing prepared SQL update
14:51:58.837 [main] DEBUG o.s.jdbc.core.JdbcTemplate - Executing prepared SQL statement [INSERT INTO enrollments (student_id,course_id) VALUES (?,?)]
14:51:58.837 [main] DEBUG o.s.jdbc.datasource.DataSourceUtils - Fetching JDBC Connection from DataSource
14:51:58.837 [main] DEBUG o.s.jdbc.core.JdbcTemplate - Executing prepared SQL update
14:51:58.837 [main] DEBUG o.s.jdbc.core.JdbcTemplate - Executing prepared SQL statement [INSERT INTO enrollments (student_id,course_id) VALUES (?,?)]
14:51:58.837 [main] DEBUG o.s.jdbc.datasource.DataSourceUtils - Fetching JDBC Connection from DataSource
14:51:58.838 [main] DEBUG o.s.jdbc.core.JdbcTemplate - Executing prepared SQL update
14:51:58.838 [main] DEBUG o.s.jdbc.core.JdbcTemplate - Executing prepared SQL statement [INSERT INTO enrollments (student_id,course_id) VALUES (?,?)]
14:51:58.838 [main] DEBUG o.s.jdbc.datasource.DataSourceUtils - Fetching JDBC Connection from DataSource
14:51:58.838 [main] DEBUG o.s.jdbc.core.JdbcTemplate - Executing prepared SQL update
14:51:58.838 [main] DEBUG o.s.jdbc.core.JdbcTemplate - Executing prepared SQL statement [INSERT INTO enrollments (student_id,course_id) VALUES (?,?)]
14:51:58.838 [main] DEBUG o.s.jdbc.datasource.DataSourceUtils - Fetching JDBC Connection from DataSource
14:51:58.838 [main] DEBUG o.s.jdbc.core.JdbcTemplate - Executing prepared SQL update
14:51:58.838 [main] DEBUG o.s.jdbc.core.JdbcTemplate - Executing prepared SQL statement [INSERT INTO enrollments (student_id,course_id) VALUES (?,?)]
14:51:58.838 [main] DEBUG o.s.jdbc.datasource.DataSourceUtils - Fetching JDBC Connection from DataSource
14:51:58.838 [main] DEBUG o.s.jdbc.core.JdbcTemplate - Executing prepared SQL update
14:51:58.838 [main] DEBUG o.s.jdbc.core.JdbcTemplate - Executing prepared SQL statement [INSERT INTO enrollments (student_id,course_id) VALUES (?,?)]
14:51:58.838 [main] DEBUG o.s.jdbc.datasource.DataSourceUtils - Fetching JDBC Connection from DataSource
14:51:58.839 [main] DEBUG o.s.jdbc.core.JdbcTemplate - Executing prepared SQL update
14:51:58.839 [main] DEBUG o.s.jdbc.core.JdbcTemplate - Executing prepared SQL statement [INSERT INTO enrollments (student_id,course_id) VALUES (?,?)]
14:51:58.839 [main] DEBUG o.s.jdbc.datasource.DataSourceUtils - Fetching JDBC Connection from DataSource
14:51:58.839 [main] DEBUG o.s.jdbc.core.JdbcTemplate - Executing prepared SQL update
14:51:58.839 [main] DEBUG o.s.jdbc.core.JdbcTemplate - Executing prepared SQL statement [INSERT INTO enrollments (student_id,course_id) VALUES (?,?)]
14:51:58.839 [main] DEBUG o.s.jdbc.datasource.DataSourceUtils - Fetching JDBC Connection from DataSource
14:51:58.839 [main] DEBUG o.s.jdbc.core.JdbcTemplate - Executing prepared SQL update
14:51:58.839 [main] DEBUG o.s.jdbc.core.JdbcTemplate - Executing prepared SQL statement [INSERT INTO enrollments (student_id,course_id) VALUES (?,?)]
14:51:58.839 [main] DEBUG o.s.jdbc.datasource.DataSourceUtils - Fetching JDBC Connection from DataSource
14:51:58.840 [main] DEBUG o.s.jdbc.core.JdbcTemplate - Executing prepared SQL update
14:51:58.840 [main] DEBUG o.s.jdbc.core.JdbcTemplate - Executing prepared SQL statement [INSERT INTO enrollments (student_id,course_id) VALUES (?,?)]
14:51:58.840 [main] DEBUG o.s.jdbc.datasource.DataSourceUtils - Fetching JDBC Connection from DataSource
14:51:58.840 [main] DEBUG o.s.jdbc.core.JdbcTemplate - Executing prepared SQL update
14:51:58.840 [main] DEBUG o.s.jdbc.core.JdbcTemplate - Executing prepared SQL statement [INSERT INTO enrollments (student_id,course_id) VALUES (?,?)]
14:51:58.840 [main] DEBUG o.s.jdbc.datasource.DataSourceUtils - Fetching JDBC Connection from DataSource
14:51:58.840 [main] DEBUG o.s.jdbc.core.JdbcTemplate - Executing prepared SQL update
14:51:58.840 [main] DEBUG o.s.jdbc.core.JdbcTemplate - Executing prepared SQL statement [INSERT INTO enrollments (student_id,course_id) VALUES (?,?)]
14:51:58.840 [main] DEBUG o.s.jdbc.datasource.DataSourceUtils - Fetching JDBC Connection from DataSource
14:51:58.841 [main] DEBUG o.s.jdbc.core.JdbcTemplate - Executing prepared SQL update
14:51:58.841 [main] DEBUG o.s.jdbc.core.JdbcTemplate - Executing prepared SQL statement [INSERT INTO enrollments (student_id,course_id) VALUES (?,?)]
14:51:58.841 [main] DEBUG o.s.jdbc.datasource.DataSourceUtils - Fetching JDBC Connection from DataSource
14:51:58.841 [main] DEBUG o.s.jdbc.core.JdbcTemplate - Executing prepared SQL update
14:51:58.841 [main] DEBUG o.s.jdbc.core.JdbcTemplate - Executing prepared SQL statement [INSERT INTO enrollments (student_id,course_id) VALUES (?,?)]
14:51:58.841 [main] DEBUG o.s.jdbc.datasource.DataSourceUtils - Fetching JDBC Connection from DataSource
14:51:58.842 [main] DEBUG o.s.jdbc.core.JdbcTemplate - Executing prepared SQL update
14:51:58.842 [main] DEBUG o.s.jdbc.core.JdbcTemplate - Executing prepared SQL statement [INSERT INTO enrollments (student_id,course_id) VALUES (?,?)]
14:51:58.842 [main] DEBUG o.s.jdbc.datasource.DataSourceUtils - Fetching JDBC Connection from DataSource
14:51:58.842 [main] DEBUG o.s.jdbc.core.JdbcTemplate - Executing prepared SQL update
14:51:58.842 [main] DEBUG o.s.jdbc.core.JdbcTemplate - Executing prepared SQL statement [INSERT INTO enrollments (student_id,course_id) VALUES (?,?)]
14:51:58.842 [main] DEBUG o.s.jdbc.datasource.DataSourceUtils - Fetching JDBC Connection from DataSource
14:51:58.842 [main] DEBUG o.s.jdbc.core.JdbcTemplate - Executing prepared SQL update
14:51:58.842 [main] DEBUG o.s.jdbc.core.JdbcTemplate - Executing prepared SQL statement [INSERT INTO enrollments (student_id,course_id) VALUES (?,?)]
14:51:58.842 [main] DEBUG o.s.jdbc.datasource.DataSourceUtils - Fetching JDBC Connection from DataSource
14:51:58.843 [main] DEBUG o.s.jdbc.core.JdbcTemplate - Executing prepared SQL update
14:51:58.843 [main] DEBUG o.s.jdbc.core.JdbcTemplate - Executing prepared SQL statement [INSERT INTO enrollments (student_id,course_id) VALUES (?,?)]
14:51:58.843 [main] DEBUG o.s.jdbc.datasource.DataSourceUtils - Fetching JDBC Connection from DataSource
14:51:58.843 [main] DEBUG o.s.jdbc.core.JdbcTemplate - Executing prepared SQL update
14:51:58.843 [main] DEBUG o.s.jdbc.core.JdbcTemplate - Executing prepared SQL statement [INSERT INTO enrollments (student_id,course_id) VALUES (?,?)]
14:51:58.843 [main] DEBUG o.s.jdbc.datasource.DataSourceUtils - Fetching JDBC Connection from DataSource
14:51:58.843 [main] DEBUG o.s.jdbc.core.JdbcTemplate - Executing prepared SQL update
14:51:58.843 [main] DEBUG o.s.jdbc.core.JdbcTemplate - Executing prepared SQL statement [INSERT INTO enrollments (student_id,course_id) VALUES (?,?)]
14:51:58.843 [main] DEBUG o.s.jdbc.datasource.DataSourceUtils - Fetching JDBC Connection from DataSource
14:51:58.843 [main] DEBUG o.s.jdbc.core.JdbcTemplate - Executing prepared SQL update
14:51:58.844 [main] DEBUG o.s.jdbc.core.JdbcTemplate - Executing prepared SQL statement [INSERT INTO enrollments (student_id,course_id) VALUES (?,?)]
14:51:58.844 [main] DEBUG o.s.jdbc.datasource.DataSourceUtils - Fetching JDBC Connection from DataSource
14:51:58.844 [main] DEBUG o.s.jdbc.core.JdbcTemplate - Executing prepared SQL update
14:51:58.844 [main] DEBUG o.s.jdbc.core.JdbcTemplate - Executing prepared SQL statement [INSERT INTO enrollments (student_id,course_id) VALUES (?,?)]
14:51:58.844 [main] DEBUG o.s.jdbc.datasource.DataSourceUtils - Fetching JDBC Connection from DataSource
14:51:58.844 [main] DEBUG o.s.jdbc.core.JdbcTemplate - Executing prepared SQL update
14:51:58.844 [main] DEBUG o.s.jdbc.core.JdbcTemplate - Executing prepared SQL statement [INSERT INTO enrollments (student_id,course_id) VALUES (?,?)]
14:51:58.844 [main] DEBUG o.s.jdbc.datasource.DataSourceUtils - Fetching JDBC Connection from DataSource
14:51:58.844 [main] DEBUG o.s.jdbc.core.JdbcTemplate - Executing prepared SQL update
14:51:58.845 [main] DEBUG o.s.jdbc.core.JdbcTemplate - Executing prepared SQL statement [INSERT INTO enrollments (student_id,course_id) VALUES (?,?)]
14:51:58.845 [main] DEBUG o.s.jdbc.datasource.DataSourceUtils - Fetching JDBC Connection from DataSource
14:51:58.845 [main] DEBUG o.s.jdbc.core.JdbcTemplate - Executing prepared SQL update
14:51:58.845 [main] DEBUG o.s.jdbc.core.JdbcTemplate - Executing prepared SQL statement [INSERT INTO enrollments (student_id,course_id) VALUES (?,?)]
14:51:58.845 [main] DEBUG o.s.jdbc.datasource.DataSourceUtils - Fetching JDBC Connection from DataSource
14:51:58.845 [main] DEBUG o.s.jdbc.core.JdbcTemplate - Executing prepared SQL update
14:51:58.845 [main] DEBUG o.s.jdbc.core.JdbcTemplate - Executing prepared SQL statement [INSERT INTO enrollments (student_id,course_id) VALUES (?,?)]
14:51:58.845 [main] DEBUG o.s.jdbc.datasource.DataSourceUtils - Fetching JDBC Connection from DataSource
14:51:58.845 [main] DEBUG o.s.jdbc.core.JdbcTemplate - Executing prepared SQL update
14:51:58.845 [main] DEBUG o.s.jdbc.core.JdbcTemplate - Executing prepared SQL statement [INSERT INTO enrollments (student_id,course_id) VALUES (?,?)]
14:51:58.845 [main] DEBUG o.s.jdbc.datasource.DataSourceUtils - Fetching JDBC Connection from DataSource
14:51:58.846 [main] DEBUG o.s.jdbc.core.JdbcTemplate - Executing prepared SQL update
14:51:58.846 [main] DEBUG o.s.jdbc.core.JdbcTemplate - Executing prepared SQL statement [INSERT INTO enrollments (student_id,course_id) VALUES (?,?)]
14:51:58.846 [main] DEBUG o.s.jdbc.datasource.DataSourceUtils - Fetching JDBC Connection from DataSource
14:51:58.846 [main] DEBUG o.s.jdbc.core.JdbcTemplate - Executing prepared SQL update
14:51:58.846 [main] DEBUG o.s.jdbc.core.JdbcTemplate - Executing prepared SQL statement [INSERT INTO enrollments (student_id,course_id) VALUES (?,?)]
14:51:58.846 [main] DEBUG o.s.jdbc.datasource.DataSourceUtils - Fetching JDBC Connection from DataSource
14:51:58.846 [main] DEBUG o.s.jdbc.core.JdbcTemplate - Executing prepared SQL update
14:51:58.846 [main] DEBUG o.s.jdbc.core.JdbcTemplate - Executing prepared SQL statement [INSERT INTO enrollments (student_id,course_id) VALUES (?,?)]
14:51:58.846 [main] DEBUG o.s.jdbc.datasource.DataSourceUtils - Fetching JDBC Connection from DataSource
14:51:58.847 [main] DEBUG o.s.jdbc.core.JdbcTemplate - Executing prepared SQL update
14:51:58.847 [main] DEBUG o.s.jdbc.core.JdbcTemplate - Executing prepared SQL statement [INSERT INTO enrollments (student_id,course_id) VALUES (?,?)]
14:51:58.847 [main] DEBUG o.s.jdbc.datasource.DataSourceUtils - Fetching JDBC Connection from DataSource
14:51:58.847 [main] DEBUG o.s.jdbc.core.JdbcTemplate - Executing prepared SQL update
14:51:58.847 [main] DEBUG o.s.jdbc.core.JdbcTemplate - Executing prepared SQL statement [INSERT INTO enrollments (student_id,course_id) VALUES (?,?)]
14:51:58.847 [main] DEBUG o.s.jdbc.datasource.DataSourceUtils - Fetching JDBC Connection from DataSource
14:51:58.847 [main] DEBUG o.s.jdbc.core.JdbcTemplate - Executing prepared SQL update
14:51:58.847 [main] DEBUG o.s.jdbc.core.JdbcTemplate - Executing prepared SQL statement [INSERT INTO enrollments (student_id,course_id) VALUES (?,?)]
14:51:58.847 [main] DEBUG o.s.jdbc.datasource.DataSourceUtils - Fetching JDBC Connection from DataSource
14:51:58.848 [main] DEBUG o.s.jdbc.core.JdbcTemplate - Executing prepared SQL update
14:51:58.848 [main] DEBUG o.s.jdbc.core.JdbcTemplate - Executing prepared SQL statement [INSERT INTO enrollments (student_id,course_id) VALUES (?,?)]
14:51:58.848 [main] DEBUG o.s.jdbc.datasource.DataSourceUtils - Fetching JDBC Connection from DataSource
14:51:58.848 [main] DEBUG o.s.jdbc.core.JdbcTemplate - Executing prepared SQL update
14:51:58.848 [main] DEBUG o.s.jdbc.core.JdbcTemplate - Executing prepared SQL statement [INSERT INTO enrollments (student_id,course_id) VALUES (?,?)]
14:51:58.848 [main] DEBUG o.s.jdbc.datasource.DataSourceUtils - Fetching JDBC Connection from DataSource
14:51:58.848 [main] DEBUG o.s.jdbc.core.JdbcTemplate - Executing prepared SQL update
14:51:58.848 [main] DEBUG o.s.jdbc.core.JdbcTemplate - Executing prepared SQL statement [INSERT INTO enrollments (student_id,course_id) VALUES (?,?)]
14:51:58.848 [main] DEBUG o.s.jdbc.datasource.DataSourceUtils - Fetching JDBC Connection from DataSource
14:51:58.848 [main] DEBUG o.s.jdbc.core.JdbcTemplate - Executing prepared SQL update
14:51:58.848 [main] DEBUG o.s.jdbc.core.JdbcTemplate - Executing prepared SQL statement [INSERT INTO enrollments (student_id,course_id) VALUES (?,?)]
14:51:58.848 [main] DEBUG o.s.jdbc.datasource.DataSourceUtils - Fetching JDBC Connection from DataSource
14:51:58.849 [main] DEBUG o.s.jdbc.core.JdbcTemplate - Executing prepared SQL update
14:51:58.849 [main] DEBUG o.s.jdbc.core.JdbcTemplate - Executing prepared SQL statement [INSERT INTO enrollments (student_id,course_id) VALUES (?,?)]
14:51:58.849 [main] DEBUG o.s.jdbc.datasource.DataSourceUtils - Fetching JDBC Connection from DataSource
14:51:58.849 [main] DEBUG o.s.jdbc.core.JdbcTemplate - Executing prepared SQL update
14:51:58.849 [main] DEBUG o.s.jdbc.core.JdbcTemplate - Executing prepared SQL statement [INSERT INTO enrollments (student_id,course_id) VALUES (?,?)]
14:51:58.849 [main] DEBUG o.s.jdbc.datasource.DataSourceUtils - Fetching JDBC Connection from DataSource
14:51:58.849 [main] DEBUG o.s.jdbc.core.JdbcTemplate - Executing prepared SQL update
14:51:58.849 [main] DEBUG o.s.jdbc.core.JdbcTemplate - Executing prepared SQL statement [INSERT INTO enrollments (student_id,course_id) VALUES (?,?)]
14:51:58.849 [main] DEBUG o.s.jdbc.datasource.DataSourceUtils - Fetching JDBC Connection from DataSource
14:51:58.850 [main] DEBUG o.s.jdbc.core.JdbcTemplate - Executing prepared SQL update
14:51:58.850 [main] DEBUG o.s.jdbc.core.JdbcTemplate - Executing prepared SQL statement [INSERT INTO enrollments (student_id,course_id) VALUES (?,?)]
14:51:58.850 [main] DEBUG o.s.jdbc.datasource.DataSourceUtils - Fetching JDBC Connection from DataSource
14:51:58.850 [main] DEBUG o.s.jdbc.core.JdbcTemplate - Executing prepared SQL update
14:51:58.850 [main] DEBUG o.s.jdbc.core.JdbcTemplate - Executing prepared SQL statement [INSERT INTO enrollments (student_id,course_id) VALUES (?,?)]
14:51:58.850 [main] DEBUG o.s.jdbc.datasource.DataSourceUtils - Fetching JDBC Connection from DataSource
14:51:58.850 [main] DEBUG o.s.jdbc.core.JdbcTemplate - Executing prepared SQL update
14:51:58.850 [main] DEBUG o.s.jdbc.core.JdbcTemplate - Executing prepared SQL statement [INSERT INTO enrollments (student_id,course_id) VALUES (?,?)]
14:51:58.850 [main] DEBUG o.s.jdbc.datasource.DataSourceUtils - Fetching JDBC Connection from DataSource
14:51:58.850 [main] DEBUG o.s.jdbc.core.JdbcTemplate - Executing prepared SQL update
14:51:58.851 [main] DEBUG o.s.jdbc.core.JdbcTemplate - Executing prepared SQL statement [INSERT INTO enrollments (student_id,course_id) VALUES (?,?)]
14:51:58.851 [main] DEBUG o.s.jdbc.datasource.DataSourceUtils - Fetching JDBC Connection from DataSource
14:51:58.851 [main] DEBUG o.s.jdbc.core.JdbcTemplate - Executing prepared SQL update
14:51:58.851 [main] DEBUG o.s.jdbc.core.JdbcTemplate - Executing prepared SQL statement [INSERT INTO enrollments (student_id,course_id) VALUES (?,?)]
14:51:58.851 [main] DEBUG o.s.jdbc.datasource.DataSourceUtils - Fetching JDBC Connection from DataSource
14:51:58.851 [main] DEBUG o.s.jdbc.core.JdbcTemplate - Executing prepared SQL update
14:51:58.851 [main] DEBUG o.s.jdbc.core.JdbcTemplate - Executing prepared SQL statement [INSERT INTO enrollments (student_id,course_id) VALUES (?,?)]
14:51:58.851 [main] DEBUG o.s.jdbc.datasource.DataSourceUtils - Fetching JDBC Connection from DataSource
14:51:58.851 [main] DEBUG o.s.jdbc.core.JdbcTemplate - Executing prepared SQL update
14:51:58.851 [main] DEBUG o.s.jdbc.core.JdbcTemplate - Executing prepared SQL statement [INSERT INTO enrollments (student_id,course_id) VALUES (?,?)]
14:51:58.851 [main] DEBUG o.s.jdbc.datasource.DataSourceUtils - Fetching JDBC Connection from DataSource
14:51:58.852 [main] DEBUG o.s.jdbc.core.JdbcTemplate - Executing prepared SQL update
14:51:58.852 [main] DEBUG o.s.jdbc.core.JdbcTemplate - Executing prepared SQL statement [INSERT INTO enrollments (student_id,course_id) VALUES (?,?)]
14:51:58.852 [main] DEBUG o.s.jdbc.datasource.DataSourceUtils - Fetching JDBC Connection from DataSource
14:51:58.852 [main] DEBUG o.s.jdbc.core.JdbcTemplate - Executing prepared SQL update
14:51:58.852 [main] DEBUG o.s.jdbc.core.JdbcTemplate - Executing prepared SQL statement [INSERT INTO enrollments (student_id,course_id) VALUES (?,?)]
14:51:58.852 [main] DEBUG o.s.jdbc.datasource.DataSourceUtils - Fetching JDBC Connection from DataSource
14:51:58.852 [main] DEBUG o.s.jdbc.core.JdbcTemplate - Executing prepared SQL update
14:51:58.852 [main] DEBUG o.s.jdbc.core.JdbcTemplate - Executing prepared SQL statement [INSERT INTO enrollments (student_id,course_id) VALUES (?,?)]
14:51:58.852 [main] DEBUG o.s.jdbc.datasource.DataSourceUtils - Fetching JDBC Connection from DataSource
14:51:58.852 [main] DEBUG o.s.jdbc.core.JdbcTemplate - Executing prepared SQL update
14:51:58.852 [main] DEBUG o.s.jdbc.core.JdbcTemplate - Executing prepared SQL statement [INSERT INTO enrollments (student_id,course_id) VALUES (?,?)]
14:51:58.852 [main] DEBUG o.s.jdbc.datasource.DataSourceUtils - Fetching JDBC Connection from DataSource
14:51:58.853 [main] DEBUG o.s.jdbc.core.JdbcTemplate - Executing prepared SQL update
14:51:58.853 [main] DEBUG o.s.jdbc.core.JdbcTemplate - Executing prepared SQL statement [INSERT INTO enrollments (student_id,course_id) VALUES (?,?)]
14:51:58.853 [main] DEBUG o.s.jdbc.datasource.DataSourceUtils - Fetching JDBC Connection from DataSource
14:51:58.853 [main] DEBUG o.s.jdbc.core.JdbcTemplate - Executing prepared SQL update
14:51:58.853 [main] DEBUG o.s.jdbc.core.JdbcTemplate - Executing prepared SQL statement [INSERT INTO enrollments (student_id,course_id) VALUES (?,?)]
14:51:58.853 [main] DEBUG o.s.jdbc.datasource.DataSourceUtils - Fetching JDBC Connection from DataSource
14:51:58.853 [main] DEBUG o.s.jdbc.core.JdbcTemplate - Executing prepared SQL update
14:51:58.853 [main] DEBUG o.s.jdbc.core.JdbcTemplate - Executing prepared SQL statement [INSERT INTO enrollments (student_id,course_id) VALUES (?,?)]
14:51:58.853 [main] DEBUG o.s.jdbc.datasource.DataSourceUtils - Fetching JDBC Connection from DataSource
14:51:58.853 [main] DEBUG o.s.jdbc.core.JdbcTemplate - Executing prepared SQL update
14:51:58.853 [main] DEBUG o.s.jdbc.core.JdbcTemplate - Executing prepared SQL statement [INSERT INTO enrollments (student_id,course_id) VALUES (?,?)]
14:51:58.853 [main] DEBUG o.s.jdbc.datasource.DataSourceUtils - Fetching JDBC Connection from DataSource
14:51:58.854 [main] DEBUG o.s.jdbc.core.JdbcTemplate - Executing prepared SQL update
14:51:58.854 [main] DEBUG o.s.jdbc.core.JdbcTemplate - Executing prepared SQL statement [INSERT INTO enrollments (student_id,course_id) VALUES (?,?)]
14:51:58.854 [main] DEBUG o.s.jdbc.datasource.DataSourceUtils - Fetching JDBC Connection from DataSource
14:51:58.854 [main] DEBUG o.s.jdbc.core.JdbcTemplate - Executing prepared SQL update
14:51:58.854 [main] DEBUG o.s.jdbc.core.JdbcTemplate - Executing prepared SQL statement [INSERT INTO enrollments (student_id,course_id) VALUES (?,?)]
14:51:58.854 [main] DEBUG o.s.jdbc.datasource.DataSourceUtils - Fetching JDBC Connection from DataSource
14:51:58.854 [main] DEBUG o.s.jdbc.core.JdbcTemplate - Executing prepared SQL update
14:51:58.854 [main] DEBUG o.s.jdbc.core.JdbcTemplate - Executing prepared SQL statement [INSERT INTO enrollments (student_id,course_id) VALUES (?,?)]
14:51:58.854 [main] DEBUG o.s.jdbc.datasource.DataSourceUtils - Fetching JDBC Connection from DataSource
14:51:58.854 [main] DEBUG o.s.jdbc.core.JdbcTemplate - Executing prepared SQL update
14:51:58.854 [main] DEBUG o.s.jdbc.core.JdbcTemplate - Executing prepared SQL statement [INSERT INTO enrollments (student_id,course_id) VALUES (?,?)]
14:51:58.854 [main] DEBUG o.s.jdbc.datasource.DataSourceUtils - Fetching JDBC Connection from DataSource
14:51:58.855 [main] DEBUG o.s.jdbc.core.JdbcTemplate - Executing prepared SQL update
14:51:58.855 [main] DEBUG o.s.jdbc.core.JdbcTemplate - Executing prepared SQL statement [INSERT INTO enrollments (student_id,course_id) VALUES (?,?)]
14:51:58.855 [main] DEBUG o.s.jdbc.datasource.DataSourceUtils - Fetching JDBC Connection from DataSource
14:51:58.855 [main] DEBUG o.s.jdbc.core.JdbcTemplate - Executing prepared SQL update
14:51:58.855 [main] DEBUG o.s.jdbc.core.JdbcTemplate - Executing prepared SQL statement [INSERT INTO enrollments (student_id,course_id) VALUES (?,?)]
14:51:58.855 [main] DEBUG o.s.jdbc.datasource.DataSourceUtils - Fetching JDBC Connection from DataSource
14:51:58.855 [main] DEBUG o.s.jdbc.core.JdbcTemplate - Executing prepared SQL update
14:51:58.855 [main] DEBUG o.s.jdbc.core.JdbcTemplate - Executing prepared SQL statement [INSERT INTO enrollments (student_id,course_id) VALUES (?,?)]
14:51:58.855 [main] DEBUG o.s.jdbc.datasource.DataSourceUtils - Fetching JDBC Connection from DataSource
14:51:58.855 [main] DEBUG o.s.jdbc.core.JdbcTemplate - Executing prepared SQL update
14:51:58.855 [main] DEBUG o.s.jdbc.core.JdbcTemplate - Executing prepared SQL statement [INSERT INTO enrollments (student_id,course_id) VALUES (?,?)]
14:51:58.855 [main] DEBUG o.s.jdbc.datasource.DataSourceUtils - Fetching JDBC Connection from DataSource
14:51:58.856 [main] DEBUG o.s.jdbc.core.JdbcTemplate - Executing prepared SQL update
14:51:58.856 [main] DEBUG o.s.jdbc.core.JdbcTemplate - Executing prepared SQL statement [INSERT INTO enrollments (student_id,course_id) VALUES (?,?)]
14:51:58.856 [main] DEBUG o.s.jdbc.datasource.DataSourceUtils - Fetching JDBC Connection from DataSource
14:51:58.856 [main] DEBUG o.s.jdbc.core.JdbcTemplate - Executing prepared SQL update
14:51:58.856 [main] DEBUG o.s.jdbc.core.JdbcTemplate - Executing prepared SQL statement [INSERT INTO enrollments (student_id,course_id) VALUES (?,?)]
14:51:58.856 [main] DEBUG o.s.jdbc.datasource.DataSourceUtils - Fetching JDBC Connection from DataSource
14:51:58.856 [main] DEBUG o.s.jdbc.core.JdbcTemplate - Executing prepared SQL update
14:51:58.856 [main] DEBUG o.s.jdbc.core.JdbcTemplate - Executing prepared SQL statement [INSERT INTO enrollments (student_id,course_id) VALUES (?,?)]
14:51:58.856 [main] DEBUG o.s.jdbc.datasource.DataSourceUtils - Fetching JDBC Connection from DataSource
14:51:58.856 [main] DEBUG o.s.jdbc.core.JdbcTemplate - Executing prepared SQL update
14:51:58.856 [main] DEBUG o.s.jdbc.core.JdbcTemplate - Executing prepared SQL statement [INSERT INTO enrollments (student_id,course_id) VALUES (?,?)]
14:51:58.856 [main] DEBUG o.s.jdbc.datasource.DataSourceUtils - Fetching JDBC Connection from DataSource
14:51:58.858 [main] DEBUG o.s.jdbc.core.JdbcTemplate - Executing prepared SQL update
14:51:58.858 [main] DEBUG o.s.jdbc.core.JdbcTemplate - Executing prepared SQL statement [INSERT INTO enrollments (student_id,course_id) VALUES (?,?)]
14:51:58.858 [main] DEBUG o.s.jdbc.datasource.DataSourceUtils - Fetching JDBC Connection from DataSource
14:51:58.858 [main] DEBUG o.s.jdbc.core.JdbcTemplate - Executing prepared SQL update
14:51:58.858 [main] DEBUG o.s.jdbc.core.JdbcTemplate - Executing prepared SQL statement [INSERT INTO enrollments (student_id,course_id) VALUES (?,?)]
14:51:58.858 [main] DEBUG o.s.jdbc.datasource.DataSourceUtils - Fetching JDBC Connection from DataSource
14:51:58.858 [main] DEBUG o.s.jdbc.core.JdbcTemplate - Executing prepared SQL update
14:51:58.858 [main] DEBUG o.s.jdbc.core.JdbcTemplate - Executing prepared SQL statement [INSERT INTO enrollments (student_id,course_id) VALUES (?,?)]
14:51:58.858 [main] DEBUG o.s.jdbc.datasource.DataSourceUtils - Fetching JDBC Connection from DataSource
14:51:58.858 [main] DEBUG o.s.jdbc.core.JdbcTemplate - Executing prepared SQL update
14:51:58.858 [main] DEBUG o.s.jdbc.core.JdbcTemplate - Executing prepared SQL statement [INSERT INTO enrollments (student_id,course_id) VALUES (?,?)]
14:51:58.858 [main] DEBUG o.s.jdbc.datasource.DataSourceUtils - Fetching JDBC Connection from DataSource
14:51:58.859 [main] DEBUG o.s.jdbc.core.JdbcTemplate - Executing prepared SQL update
14:51:58.859 [main] DEBUG o.s.jdbc.core.JdbcTemplate - Executing prepared SQL statement [INSERT INTO enrollments (student_id,course_id) VALUES (?,?)]
14:51:58.859 [main] DEBUG o.s.jdbc.datasource.DataSourceUtils - Fetching JDBC Connection from DataSource
14:51:58.859 [main] DEBUG o.s.jdbc.core.JdbcTemplate - Executing prepared SQL update
14:51:58.859 [main] DEBUG o.s.jdbc.core.JdbcTemplate - Executing prepared SQL statement [INSERT INTO enrollments (student_id,course_id) VALUES (?,?)]
14:51:58.859 [main] DEBUG o.s.jdbc.datasource.DataSourceUtils - Fetching JDBC Connection from DataSource
14:51:58.859 [main] DEBUG o.s.jdbc.core.JdbcTemplate - Executing prepared SQL update
14:51:58.859 [main] DEBUG o.s.jdbc.core.JdbcTemplate - Executing prepared SQL statement [INSERT INTO enrollments (student_id,course_id) VALUES (?,?)]
14:51:58.859 [main] DEBUG o.s.jdbc.datasource.DataSourceUtils - Fetching JDBC Connection from DataSource
14:51:58.859 [main] DEBUG o.s.jdbc.core.JdbcTemplate - Executing prepared SQL update
14:51:58.859 [main] DEBUG o.s.jdbc.core.JdbcTemplate - Executing prepared SQL statement [INSERT INTO enrollments (student_id,course_id) VALUES (?,?)]
14:51:58.859 [main] DEBUG o.s.jdbc.datasource.DataSourceUtils - Fetching JDBC Connection from DataSource
14:51:58.859 [main] DEBUG o.s.jdbc.core.JdbcTemplate - Executing prepared SQL update
14:51:58.859 [main] DEBUG o.s.jdbc.core.JdbcTemplate - Executing prepared SQL statement [INSERT INTO enrollments (student_id,course_id) VALUES (?,?)]
14:51:58.859 [main] DEBUG o.s.jdbc.datasource.DataSourceUtils - Fetching JDBC Connection from DataSource
14:51:58.860 [main] DEBUG o.s.jdbc.core.JdbcTemplate - Executing prepared SQL update
14:51:58.860 [main] DEBUG o.s.jdbc.core.JdbcTemplate - Executing prepared SQL statement [INSERT INTO enrollments (student_id,course_id) VALUES (?,?)]
14:51:58.860 [main] DEBUG o.s.jdbc.datasource.DataSourceUtils - Fetching JDBC Connection from DataSource
14:51:58.860 [main] DEBUG o.s.jdbc.core.JdbcTemplate - Executing prepared SQL update
14:51:58.860 [main] DEBUG o.s.jdbc.core.JdbcTemplate - Executing prepared SQL statement [INSERT INTO enrollments (student_id,course_id) VALUES (?,?)]
14:51:58.860 [main] DEBUG o.s.jdbc.datasource.DataSourceUtils - Fetching JDBC Connection from DataSource
14:51:58.860 [main] DEBUG o.s.jdbc.core.JdbcTemplate - Executing prepared SQL update
14:51:58.860 [main] DEBUG o.s.jdbc.core.JdbcTemplate - Executing prepared SQL statement [INSERT INTO enrollments (student_id,course_id) VALUES (?,?)]
14:51:58.860 [main] DEBUG o.s.jdbc.datasource.DataSourceUtils - Fetching JDBC Connection from DataSource
14:51:58.860 [main] DEBUG o.s.jdbc.core.JdbcTemplate - Executing prepared SQL update
14:51:58.860 [main] DEBUG o.s.jdbc.core.JdbcTemplate - Executing prepared SQL statement [INSERT INTO enrollments (student_id,course_id) VALUES (?,?)]
14:51:58.860 [main] DEBUG o.s.jdbc.datasource.DataSourceUtils - Fetching JDBC Connection from DataSource
14:51:58.861 [main] DEBUG o.s.jdbc.core.JdbcTemplate - Executing prepared SQL update
14:51:58.861 [main] DEBUG o.s.jdbc.core.JdbcTemplate - Executing prepared SQL statement [INSERT INTO enrollments (student_id,course_id) VALUES (?,?)]
14:51:58.861 [main] DEBUG o.s.jdbc.datasource.DataSourceUtils - Fetching JDBC Connection from DataSource
14:51:58.861 [main] DEBUG o.s.jdbc.core.JdbcTemplate - Executing prepared SQL update
14:51:58.861 [main] DEBUG o.s.jdbc.core.JdbcTemplate - Executing prepared SQL statement [INSERT INTO enrollments (student_id,course_id) VALUES (?,?)]
14:51:58.861 [main] DEBUG o.s.jdbc.datasource.DataSourceUtils - Fetching JDBC Connection from DataSource
14:51:58.861 [main] DEBUG o.s.jdbc.core.JdbcTemplate - Executing prepared SQL update
14:51:58.861 [main] DEBUG o.s.jdbc.core.JdbcTemplate - Executing prepared SQL statement [INSERT INTO enrollments (student_id,course_id) VALUES (?,?)]
14:51:58.861 [main] DEBUG o.s.jdbc.datasource.DataSourceUtils - Fetching JDBC Connection from DataSource
14:51:58.861 [main] DEBUG o.s.jdbc.core.JdbcTemplate - Executing prepared SQL update
14:51:58.861 [main] DEBUG o.s.jdbc.core.JdbcTemplate - Executing prepared SQL statement [INSERT INTO enrollments (student_id,course_id) VALUES (?,?)]
14:51:58.861 [main] DEBUG o.s.jdbc.datasource.DataSourceUtils - Fetching JDBC Connection from DataSource
14:51:58.862 [main] DEBUG o.s.jdbc.core.JdbcTemplate - Executing prepared SQL update
14:51:58.862 [main] DEBUG o.s.jdbc.core.JdbcTemplate - Executing prepared SQL statement [INSERT INTO enrollments (student_id,course_id) VALUES (?,?)]
14:51:58.862 [main] DEBUG o.s.jdbc.datasource.DataSourceUtils - Fetching JDBC Connection from DataSource
14:51:58.862 [main] DEBUG o.s.jdbc.core.JdbcTemplate - Executing prepared SQL update
14:51:58.862 [main] DEBUG o.s.jdbc.core.JdbcTemplate - Executing prepared SQL statement [INSERT INTO enrollments (student_id,course_id) VALUES (?,?)]
14:51:58.862 [main] DEBUG o.s.jdbc.datasource.DataSourceUtils - Fetching JDBC Connection from DataSource
14:51:58.862 [main] DEBUG o.s.jdbc.core.JdbcTemplate - Executing prepared SQL update
14:51:58.862 [main] DEBUG o.s.jdbc.core.JdbcTemplate - Executing prepared SQL statement [INSERT INTO enrollments (student_id,course_id) VALUES (?,?)]
14:51:58.862 [main] DEBUG o.s.jdbc.datasource.DataSourceUtils - Fetching JDBC Connection from DataSource
14:51:58.862 [main] DEBUG o.s.jdbc.core.JdbcTemplate - Executing prepared SQL update
14:51:58.862 [main] DEBUG o.s.jdbc.core.JdbcTemplate - Executing prepared SQL statement [INSERT INTO enrollments (student_id,course_id) VALUES (?,?)]
14:51:58.862 [main] DEBUG o.s.jdbc.datasource.DataSourceUtils - Fetching JDBC Connection from DataSource
14:51:58.863 [main] DEBUG o.s.jdbc.core.JdbcTemplate - Executing prepared SQL update
14:51:58.863 [main] DEBUG o.s.jdbc.core.JdbcTemplate - Executing prepared SQL statement [INSERT INTO enrollments (student_id,course_id) VALUES (?,?)]
14:51:58.863 [main] DEBUG o.s.jdbc.datasource.DataSourceUtils - Fetching JDBC Connection from DataSource
14:51:58.863 [main] DEBUG o.s.jdbc.core.JdbcTemplate - Executing prepared SQL update
14:51:58.863 [main] DEBUG o.s.jdbc.core.JdbcTemplate - Executing prepared SQL statement [INSERT INTO enrollments (student_id,course_id) VALUES (?,?)]
14:51:58.863 [main] DEBUG o.s.jdbc.datasource.DataSourceUtils - Fetching JDBC Connection from DataSource
14:51:58.863 [main] DEBUG o.s.jdbc.core.JdbcTemplate - Executing prepared SQL update
14:51:58.863 [main] DEBUG o.s.jdbc.core.JdbcTemplate - Executing prepared SQL statement [INSERT INTO enrollments (student_id,course_id) VALUES (?,?)]
14:51:58.863 [main] DEBUG o.s.jdbc.datasource.DataSourceUtils - Fetching JDBC Connection from DataSource
14:51:58.864 [main] DEBUG o.s.jdbc.core.JdbcTemplate - Executing prepared SQL update
14:51:58.864 [main] DEBUG o.s.jdbc.core.JdbcTemplate - Executing prepared SQL statement [INSERT INTO enrollments (student_id,course_id) VALUES (?,?)]
14:51:58.864 [main] DEBUG o.s.jdbc.datasource.DataSourceUtils - Fetching JDBC Connection from DataSource
14:51:58.864 [main] DEBUG o.s.jdbc.core.JdbcTemplate - Executing prepared SQL update
14:51:58.864 [main] DEBUG o.s.jdbc.core.JdbcTemplate - Executing prepared SQL statement [INSERT INTO enrollments (student_id,course_id) VALUES (?,?)]
14:51:58.864 [main] DEBUG o.s.jdbc.datasource.DataSourceUtils - Fetching JDBC Connection from DataSource
14:51:58.864 [main] DEBUG o.s.jdbc.core.JdbcTemplate - Executing prepared SQL update
14:51:58.864 [main] DEBUG o.s.jdbc.core.JdbcTemplate - Executing prepared SQL statement [INSERT INTO enrollments (student_id,course_id) VALUES (?,?)]
14:51:58.864 [main] DEBUG o.s.jdbc.datasource.DataSourceUtils - Fetching JDBC Connection from DataSource
14:51:58.864 [HikariPool-1 connection adder] DEBUG com.zaxxer.hikari.pool.HikariPool - HikariPool-1 - Added connection org.postgresql.jdbc.PgConnection@e322bad
14:51:58.865 [main] DEBUG o.s.jdbc.core.JdbcTemplate - Executing prepared SQL update
14:51:58.865 [main] DEBUG o.s.jdbc.core.JdbcTemplate - Executing prepared SQL statement [INSERT INTO enrollments (student_id,course_id) VALUES (?,?)]
14:51:58.865 [main] DEBUG o.s.jdbc.datasource.DataSourceUtils - Fetching JDBC Connection from DataSource
14:51:58.865 [main] DEBUG o.s.jdbc.core.JdbcTemplate - Executing prepared SQL update
14:51:58.865 [main] DEBUG o.s.jdbc.core.JdbcTemplate - Executing prepared SQL statement [INSERT INTO enrollments (student_id,course_id) VALUES (?,?)]
14:51:58.865 [main] DEBUG o.s.jdbc.datasource.DataSourceUtils - Fetching JDBC Connection from DataSource
14:51:58.865 [main] DEBUG o.s.jdbc.core.JdbcTemplate - Executing prepared SQL update
14:51:58.865 [main] DEBUG o.s.jdbc.core.JdbcTemplate - Executing prepared SQL statement [INSERT INTO enrollments (student_id,course_id) VALUES (?,?)]
14:51:58.865 [main] DEBUG o.s.jdbc.datasource.DataSourceUtils - Fetching JDBC Connection from DataSource
14:51:58.865 [main] DEBUG o.s.jdbc.core.JdbcTemplate - Executing prepared SQL update
14:51:58.865 [main] DEBUG o.s.jdbc.core.JdbcTemplate - Executing prepared SQL statement [INSERT INTO enrollments (student_id,course_id) VALUES (?,?)]
14:51:58.865 [main] DEBUG o.s.jdbc.datasource.DataSourceUtils - Fetching JDBC Connection from DataSource
14:51:58.866 [main] DEBUG o.s.jdbc.core.JdbcTemplate - Executing prepared SQL update
14:51:58.866 [main] DEBUG o.s.jdbc.core.JdbcTemplate - Executing prepared SQL statement [INSERT INTO enrollments (student_id,course_id) VALUES (?,?)]
14:51:58.866 [main] DEBUG o.s.jdbc.datasource.DataSourceUtils - Fetching JDBC Connection from DataSource
14:51:58.866 [main] DEBUG o.s.jdbc.core.JdbcTemplate - Executing prepared SQL update
14:51:58.866 [main] DEBUG o.s.jdbc.core.JdbcTemplate - Executing prepared SQL statement [INSERT INTO enrollments (student_id,course_id) VALUES (?,?)]
14:51:58.866 [main] DEBUG o.s.jdbc.datasource.DataSourceUtils - Fetching JDBC Connection from DataSource
14:51:58.866 [main] DEBUG o.s.jdbc.core.JdbcTemplate - Executing prepared SQL update
14:51:58.866 [main] DEBUG o.s.jdbc.core.JdbcTemplate - Executing prepared SQL statement [INSERT INTO enrollments (student_id,course_id) VALUES (?,?)]
14:51:58.866 [main] DEBUG o.s.jdbc.datasource.DataSourceUtils - Fetching JDBC Connection from DataSource
14:51:58.866 [main] DEBUG o.s.jdbc.core.JdbcTemplate - Executing prepared SQL update
14:51:58.866 [main] DEBUG o.s.jdbc.core.JdbcTemplate - Executing prepared SQL statement [INSERT INTO enrollments (student_id,course_id) VALUES (?,?)]
14:51:58.866 [main] DEBUG o.s.jdbc.datasource.DataSourceUtils - Fetching JDBC Connection from DataSource
14:51:58.867 [main] DEBUG o.s.jdbc.core.JdbcTemplate - Executing prepared SQL update
14:51:58.867 [main] DEBUG o.s.jdbc.core.JdbcTemplate - Executing prepared SQL statement [INSERT INTO enrollments (student_id,course_id) VALUES (?,?)]
14:51:58.867 [main] DEBUG o.s.jdbc.datasource.DataSourceUtils - Fetching JDBC Connection from DataSource
14:51:58.867 [main] DEBUG o.s.jdbc.core.JdbcTemplate - Executing prepared SQL update
14:51:58.867 [main] DEBUG o.s.jdbc.core.JdbcTemplate - Executing prepared SQL statement [INSERT INTO enrollments (student_id,course_id) VALUES (?,?)]
14:51:58.867 [main] DEBUG o.s.jdbc.datasource.DataSourceUtils - Fetching JDBC Connection from DataSource
14:51:58.867 [main] DEBUG o.s.jdbc.core.JdbcTemplate - Executing prepared SQL update
14:51:58.867 [main] DEBUG o.s.jdbc.core.JdbcTemplate - Executing prepared SQL statement [INSERT INTO enrollments (student_id,course_id) VALUES (?,?)]
14:51:58.867 [main] DEBUG o.s.jdbc.datasource.DataSourceUtils - Fetching JDBC Connection from DataSource
14:51:58.867 [main] DEBUG o.s.jdbc.core.JdbcTemplate - Executing prepared SQL update
14:51:58.867 [main] DEBUG o.s.jdbc.core.JdbcTemplate - Executing prepared SQL statement [INSERT INTO enrollments (student_id,course_id) VALUES (?,?)]
14:51:58.867 [main] DEBUG o.s.jdbc.datasource.DataSourceUtils - Fetching JDBC Connection from DataSource
14:51:58.868 [main] DEBUG o.s.jdbc.core.JdbcTemplate - Executing prepared SQL update
14:51:58.868 [main] DEBUG o.s.jdbc.core.JdbcTemplate - Executing prepared SQL statement [INSERT INTO enrollments (student_id,course_id) VALUES (?,?)]
14:51:58.868 [main] DEBUG o.s.jdbc.datasource.DataSourceUtils - Fetching JDBC Connection from DataSource
14:51:58.869 [main] DEBUG o.s.jdbc.core.JdbcTemplate - Executing prepared SQL update
14:51:58.869 [main] DEBUG o.s.jdbc.core.JdbcTemplate - Executing prepared SQL statement [INSERT INTO enrollments (student_id,course_id) VALUES (?,?)]
14:51:58.869 [main] DEBUG o.s.jdbc.datasource.DataSourceUtils - Fetching JDBC Connection from DataSource
14:51:58.869 [main] DEBUG o.s.jdbc.core.JdbcTemplate - Executing prepared SQL update
14:51:58.869 [main] DEBUG o.s.jdbc.core.JdbcTemplate - Executing prepared SQL statement [INSERT INTO enrollments (student_id,course_id) VALUES (?,?)]
14:51:58.869 [main] DEBUG o.s.jdbc.datasource.DataSourceUtils - Fetching JDBC Connection from DataSource
14:51:58.869 [main] DEBUG o.s.jdbc.core.JdbcTemplate - Executing prepared SQL update
14:51:58.869 [main] DEBUG o.s.jdbc.core.JdbcTemplate - Executing prepared SQL statement [INSERT INTO enrollments (student_id,course_id) VALUES (?,?)]
14:51:58.869 [main] DEBUG o.s.jdbc.datasource.DataSourceUtils - Fetching JDBC Connection from DataSource
14:51:58.870 [main] DEBUG o.s.jdbc.core.JdbcTemplate - Executing prepared SQL update
14:51:58.870 [main] DEBUG o.s.jdbc.core.JdbcTemplate - Executing prepared SQL statement [INSERT INTO enrollments (student_id,course_id) VALUES (?,?)]
14:51:58.870 [main] DEBUG o.s.jdbc.datasource.DataSourceUtils - Fetching JDBC Connection from DataSource
14:51:58.870 [main] DEBUG o.s.jdbc.core.JdbcTemplate - Executing prepared SQL update
14:51:58.870 [main] DEBUG o.s.jdbc.core.JdbcTemplate - Executing prepared SQL statement [INSERT INTO enrollments (student_id,course_id) VALUES (?,?)]
14:51:58.870 [main] DEBUG o.s.jdbc.datasource.DataSourceUtils - Fetching JDBC Connection from DataSource
14:51:58.871 [main] DEBUG o.s.jdbc.core.JdbcTemplate - Executing prepared SQL update
14:51:58.871 [main] DEBUG o.s.jdbc.core.JdbcTemplate - Executing prepared SQL statement [INSERT INTO enrollments (student_id,course_id) VALUES (?,?)]
14:51:58.871 [main] DEBUG o.s.jdbc.datasource.DataSourceUtils - Fetching JDBC Connection from DataSource
14:51:58.871 [main] DEBUG o.s.jdbc.core.JdbcTemplate - Executing prepared SQL update
14:51:58.871 [main] DEBUG o.s.jdbc.core.JdbcTemplate - Executing prepared SQL statement [INSERT INTO enrollments (student_id,course_id) VALUES (?,?)]
14:51:58.871 [main] DEBUG o.s.jdbc.datasource.DataSourceUtils - Fetching JDBC Connection from DataSource
14:51:58.872 [main] DEBUG o.s.jdbc.core.JdbcTemplate - Executing prepared SQL update
14:51:58.872 [main] DEBUG o.s.jdbc.core.JdbcTemplate - Executing prepared SQL statement [INSERT INTO enrollments (student_id,course_id) VALUES (?,?)]
14:51:58.872 [main] DEBUG o.s.jdbc.datasource.DataSourceUtils - Fetching JDBC Connection from DataSource
14:51:58.872 [main] DEBUG o.s.jdbc.core.JdbcTemplate - Executing prepared SQL update
14:51:58.872 [main] DEBUG o.s.jdbc.core.JdbcTemplate - Executing prepared SQL statement [INSERT INTO enrollments (student_id,course_id) VALUES (?,?)]
14:51:58.872 [main] DEBUG o.s.jdbc.datasource.DataSourceUtils - Fetching JDBC Connection from DataSource
14:51:58.872 [main] DEBUG o.s.jdbc.core.JdbcTemplate - Executing prepared SQL update
14:51:58.872 [main] DEBUG o.s.jdbc.core.JdbcTemplate - Executing prepared SQL statement [INSERT INTO enrollments (student_id,course_id) VALUES (?,?)]
14:51:58.872 [main] DEBUG o.s.jdbc.datasource.DataSourceUtils - Fetching JDBC Connection from DataSource
14:51:58.873 [main] DEBUG o.s.jdbc.core.JdbcTemplate - Executing prepared SQL update
14:51:58.873 [main] DEBUG o.s.jdbc.core.JdbcTemplate - Executing prepared SQL statement [INSERT INTO enrollments (student_id,course_id) VALUES (?,?)]
14:51:58.873 [main] DEBUG o.s.jdbc.datasource.DataSourceUtils - Fetching JDBC Connection from DataSource
14:51:58.873 [main] DEBUG o.s.jdbc.core.JdbcTemplate - Executing prepared SQL update
14:51:58.873 [main] DEBUG o.s.jdbc.core.JdbcTemplate - Executing prepared SQL statement [INSERT INTO enrollments (student_id,course_id) VALUES (?,?)]
14:51:58.873 [main] DEBUG o.s.jdbc.datasource.DataSourceUtils - Fetching JDBC Connection from DataSource
14:51:58.873 [main] DEBUG o.s.jdbc.core.JdbcTemplate - Executing prepared SQL update
14:51:58.873 [main] DEBUG o.s.jdbc.core.JdbcTemplate - Executing prepared SQL statement [INSERT INTO enrollments (student_id,course_id) VALUES (?,?)]
14:51:58.873 [main] DEBUG o.s.jdbc.datasource.DataSourceUtils - Fetching JDBC Connection from DataSource
14:51:58.873 [main] DEBUG o.s.jdbc.core.JdbcTemplate - Executing prepared SQL update
14:51:58.873 [main] DEBUG o.s.jdbc.core.JdbcTemplate - Executing prepared SQL statement [INSERT INTO enrollments (student_id,course_id) VALUES (?,?)]
14:51:58.873 [main] DEBUG o.s.jdbc.datasource.DataSourceUtils - Fetching JDBC Connection from DataSource
14:51:58.874 [main] DEBUG o.s.jdbc.core.JdbcTemplate - Executing prepared SQL update
14:51:58.874 [main] DEBUG o.s.jdbc.core.JdbcTemplate - Executing prepared SQL statement [INSERT INTO enrollments (student_id,course_id) VALUES (?,?)]
14:51:58.874 [main] DEBUG o.s.jdbc.datasource.DataSourceUtils - Fetching JDBC Connection from DataSource
14:51:58.874 [main] DEBUG o.s.jdbc.core.JdbcTemplate - Executing prepared SQL update
14:51:58.874 [main] DEBUG o.s.jdbc.core.JdbcTemplate - Executing prepared SQL statement [INSERT INTO enrollments (student_id,course_id) VALUES (?,?)]
14:51:58.874 [main] DEBUG o.s.jdbc.datasource.DataSourceUtils - Fetching JDBC Connection from DataSource
14:51:58.874 [main] DEBUG o.s.jdbc.core.JdbcTemplate - Executing prepared SQL update
14:51:58.874 [main] DEBUG o.s.jdbc.core.JdbcTemplate - Executing prepared SQL statement [INSERT INTO enrollments (student_id,course_id) VALUES (?,?)]
14:51:58.874 [main] DEBUG o.s.jdbc.datasource.DataSourceUtils - Fetching JDBC Connection from DataSource
14:51:58.875 [main] DEBUG o.s.jdbc.core.JdbcTemplate - Executing prepared SQL update
14:51:58.875 [main] DEBUG o.s.jdbc.core.JdbcTemplate - Executing prepared SQL statement [INSERT INTO enrollments (student_id,course_id) VALUES (?,?)]
14:51:58.875 [main] DEBUG o.s.jdbc.datasource.DataSourceUtils - Fetching JDBC Connection from DataSource
14:51:58.875 [main] DEBUG o.s.jdbc.core.JdbcTemplate - Executing prepared SQL update
14:51:58.875 [main] DEBUG o.s.jdbc.core.JdbcTemplate - Executing prepared SQL statement [INSERT INTO enrollments (student_id,course_id) VALUES (?,?)]
14:51:58.875 [main] DEBUG o.s.jdbc.datasource.DataSourceUtils - Fetching JDBC Connection from DataSource
14:51:58.875 [main] DEBUG o.s.jdbc.core.JdbcTemplate - Executing prepared SQL update
14:51:58.875 [main] DEBUG o.s.jdbc.core.JdbcTemplate - Executing prepared SQL statement [INSERT INTO enrollments (student_id,course_id) VALUES (?,?)]
14:51:58.875 [main] DEBUG o.s.jdbc.datasource.DataSourceUtils - Fetching JDBC Connection from DataSource
14:51:58.875 [main] DEBUG o.s.jdbc.core.JdbcTemplate - Executing prepared SQL update
14:51:58.875 [main] DEBUG o.s.jdbc.core.JdbcTemplate - Executing prepared SQL statement [INSERT INTO enrollments (student_id,course_id) VALUES (?,?)]
14:51:58.875 [main] DEBUG o.s.jdbc.datasource.DataSourceUtils - Fetching JDBC Connection from DataSource
14:51:58.876 [main] DEBUG o.s.jdbc.core.JdbcTemplate - Executing prepared SQL update
14:51:58.876 [main] DEBUG o.s.jdbc.core.JdbcTemplate - Executing prepared SQL statement [INSERT INTO enrollments (student_id,course_id) VALUES (?,?)]
14:51:58.876 [main] DEBUG o.s.jdbc.datasource.DataSourceUtils - Fetching JDBC Connection from DataSource
14:51:58.876 [main] DEBUG o.s.jdbc.core.JdbcTemplate - Executing prepared SQL update
14:51:58.876 [main] DEBUG o.s.jdbc.core.JdbcTemplate - Executing prepared SQL statement [INSERT INTO enrollments (student_id,course_id) VALUES (?,?)]
14:51:58.876 [main] DEBUG o.s.jdbc.datasource.DataSourceUtils - Fetching JDBC Connection from DataSource
14:51:58.876 [main] DEBUG o.s.jdbc.core.JdbcTemplate - Executing prepared SQL update
14:51:58.876 [main] DEBUG o.s.jdbc.core.JdbcTemplate - Executing prepared SQL statement [INSERT INTO enrollments (student_id,course_id) VALUES (?,?)]
14:51:58.876 [main] DEBUG o.s.jdbc.datasource.DataSourceUtils - Fetching JDBC Connection from DataSource
14:51:58.882 [HikariPool-2 connection adder] DEBUG com.zaxxer.hikari.pool.HikariPool - HikariPool-2 - Added connection org.postgresql.jdbc.PgConnection@5044805e
14:51:58.921 [HikariPool-1 connection adder] DEBUG com.zaxxer.hikari.pool.HikariPool - HikariPool-1 - Added connection org.postgresql.jdbc.PgConnection@a0dbeb3
14:51:58.936 [HikariPool-2 connection adder] DEBUG com.zaxxer.hikari.pool.HikariPool - HikariPool-2 - Added connection org.postgresql.jdbc.PgConnection@5e837426
14:51:58.973 [HikariPool-1 connection adder] DEBUG com.zaxxer.hikari.pool.HikariPool - HikariPool-1 - Added connection org.postgresql.jdbc.PgConnection@4f0f2196
14:51:58.986 [HikariPool-2 connection adder] DEBUG com.zaxxer.hikari.pool.HikariPool - HikariPool-2 - Added connection org.postgresql.jdbc.PgConnection@5abceb2e
14:51:59.025 [HikariPool-1 connection adder] DEBUG com.zaxxer.hikari.pool.HikariPool - HikariPool-1 - Added connection org.postgresql.jdbc.PgConnection@61faae79
14:51:59.040 [HikariPool-2 connection adder] DEBUG com.zaxxer.hikari.pool.HikariPool - HikariPool-2 - Added connection org.postgresql.jdbc.PgConnection@1fbe7e1d
14:51:59.078 [HikariPool-1 connection adder] DEBUG com.zaxxer.hikari.pool.HikariPool - HikariPool-1 - Added connection org.postgresql.jdbc.PgConnection@7e8a8ea8
14:51:59.091 [HikariPool-2 connection adder] DEBUG com.zaxxer.hikari.pool.HikariPool - HikariPool-2 - Added connection org.postgresql.jdbc.PgConnection@13b35baf
14:51:59.133 [HikariPool-1 connection adder] DEBUG com.zaxxer.hikari.pool.HikariPool - HikariPool-1 - Added connection org.postgresql.jdbc.PgConnection@19955fec
14:51:59.148 [HikariPool-2 connection adder] DEBUG com.zaxxer.hikari.pool.HikariPool - HikariPool-2 - Added connection org.postgresql.jdbc.PgConnection@7f918152
14:51:59.193 [HikariPool-1 connection adder] DEBUG com.zaxxer.hikari.pool.HikariPool - HikariPool-1 - Added connection org.postgresql.jdbc.PgConnection@2f20ded9
14:51:59.205 [HikariPool-2 connection adder] DEBUG com.zaxxer.hikari.pool.HikariPool - HikariPool-2 - Added connection org.postgresql.jdbc.PgConnection@764aa71f
14:51:59.244 [HikariPool-1 connection adder] DEBUG com.zaxxer.hikari.pool.HikariPool - HikariPool-1 - Added connection org.postgresql.jdbc.PgConnection@1b1d3422
14:51:59.244 [HikariPool-1 connection adder] DEBUG com.zaxxer.hikari.pool.HikariPool - HikariPool-1 - After adding stats (total=10, active=1, idle=9, waiting=0)
14:51:59.252 [HikariPool-2 connection adder] DEBUG com.zaxxer.hikari.pool.HikariPool - HikariPool-2 - Added connection org.postgresql.jdbc.PgConnection@1504c99
14:51:59.405 [HikariPool-2 connection adder] DEBUG com.zaxxer.hikari.pool.HikariPool - HikariPool-2 - Added connection org.postgresql.jdbc.PgConnection@8b7113f
14:51:59.405 [HikariPool-2 connection adder] DEBUG com.zaxxer.hikari.pool.HikariPool - HikariPool-2 - After adding stats (total=10, active=0, idle=10, waiting=0)
14:52:28.751 [HikariPool-1 housekeeper] DEBUG com.zaxxer.hikari.pool.HikariPool - HikariPool-1 - Pool stats (total=10, active=1, idle=9, waiting=0)
14:52:28.751 [HikariPool-1 housekeeper] DEBUG com.zaxxer.hikari.pool.HikariPool - HikariPool-1 - Fill pool skipped, pool is at sufficient level.
14:52:28.830 [HikariPool-2 housekeeper] DEBUG com.zaxxer.hikari.pool.HikariPool - HikariPool-2 - Pool stats (total=10, active=0, idle=10, waiting=0)
14:52:28.830 [HikariPool-2 housekeeper] DEBUG com.zaxxer.hikari.pool.HikariPool - HikariPool-2 - Fill pool skipped, pool is at sufficient level.
